0.4660100501717288,0.07823395041139661,-0.05615955045144142,-0.5725157084749195,0.39034383989576915,-0.3587709031063832,-0.054714443038181904,-0.1403930742720074,0.6289809600960332,1.1437630813978612,-0.4883685481745144,-1.1806111572696578,-0.3530418579811258,-1.0209877367622244,0.44552525688069217,0.6163632407800871,-1.0109377913027,-0.33446335620089657,-0.4528755668768154,1.561780576902052,1.6489463390960655,-2.070268896393539,-1.3047324080094789,-0.7607435700878955,1.1730447750130544,0.17159099651045864,-1.3475345109775754,-1.4680407549031784,-1.5710122010421874,-0.23156187972086328,-0.5033472620863698,0.9673829243274681,-0.2562290370368348,0.6264700307940257,0.9511044842152468,0.15343368020668322,-1.422263424633496,-0.4630239763528821,-0.4739874116772642,-1.0448762257443047,-0.769344696592377,-0.8678870933462022,-1.066197450941393,-1.389247568414578,-0.08140212456354987,-0.049629774469532706,-0.29917475422426654,-0.13746563892131375,0.28141113110278043,1.0625408409127342,1.6090972116751607,-1.6457424445231839,-0.7652901537525219,-0.989222174200101,-0.4968358953351212,-1.0656341734617192,1.0072825187093686,-1.4759232615438296,0.939302026614339,1.2490243927888678,0.2100555937659478,0.9223673487538578,0.8295728065705332,1.3851801662962424,0.0020172705902080203,0.23625316980996414,-0.30883960261375615,0.45577336610627567,1.6312473527680256,-0.45967869431748715,-0.9744655038856374,-0.17456911878356182,0.18674219784882012,0.343536916562602,0.5786960033979368,0.5020864039341453,0.09766210111394902,1.4491163849027768,0.7991692141241044,2.4023968538565015,-0.06967391501198147,-0.6822173072669795,-1.5383468650606207,-0.28772193747566854,-1.408760944959717,0.833208234394179,-0.846400199274634,-0.2500289621509433,-0.5504242662591587,-0.16963455253905146,0.9965318992215755,0.3526339888517413,0.3024806967115341,0.24701214073606023,-1.5582709042918907,-0.2690945273773615,2.5446262665871955,-0.7851734471599368,0.49295665069613165,1.1873135974131086,1.318211064434831,1.2359241355819828,-0.04938417929949091,-0.0072050897041960205,0.2467146226890639,-1.5601151348539501,-0.2983471914232909,0.31033430292507,-0.7570340046999289,-0.16509243027795523,0.4680199415353113,-0.06400140245085477,-0.23544226510229213,-0.14121402638965935,-2.4465163306635276,-2.16479773059543,0.2496827199568152,-0.10336590546026256,0.14837946904295785,-0.8190904914615177,-1.9677801823825893,0.27634840313854786,1.0921399954346163,-0.30518236335604115,-1.0032771075824185,-0.15460632481973272,-0.9336751239051257,-0.877455749935595,1.1501484791909444,0.5811696277193169,1.448818683223719,2.01968731400784,-1.9214509631893522,0.038127501402306405,-0.6873555890141853,0.11998932212743911,0.03258711292318686,-1.2009807651979938,0.07416646203523039,-0.30487294365193435,0.26494686355416625,0.20603568544246753,0.861668488809854,0.8347619017396789,-0.9736909337358607,-0.11200222177705856,1.0567639287515462,0.8783308852214914,0.12662753067630034,2.176797483582195,0.10504208824501102,-0.16870835703428652,0.41276174078748595,-1.5720877038056866,-0.6126455907511141,0.532071276976666,-0.08051769498239268
-0.71928857938468,-0.20056621174197659,0.8343788011683193,0.7804167375777078,0.039608987946341885,0.45603818962669757,-0.4419964211236264,-1.2617437914443819,-0.7800616136174302,-0.13952755344002185,2.1234092675785368,0.8725132038621055,-0.38199907290950824,1.989919666849,-0.44905416957609423,-0.1375421244451325,0.3321290424022311,1.352818921219333,-0.9627821701157331,0.4325189655626979,-1.3614651693997295,-1.2927041408906372,-0.698235388240335,1.1517696001554065,0.36600468036151307,-1.1184013095667655,-0.1584157690667097,-0.5065585207608044,-1.220846709464813,-0.8818982250645885,-1.010739408980867,-1.1496050412679895,1.9579714778048396,0.8125088776687427,-1.7510877071698272,-0.5031941252907309,0.4047214732319175,-0.009014285659018365,-1.2483537864005898,0.41811012782786805,-0.0928344612351705,-0.052085458899582736,-0.8068806537688769,-0.3726350927601044,-1.1633369494670633,1.728728151483511,-0.25461345004389124,-0.2163725099117844,0.2963091906051171,-0.27411158963617505,1.0793047927018293,-1.477633444646085,0.37944971095550073,0.35985344413413395,0.4138019188172154,0.5851152645448761,0.8747484605179472,-1.7865320324577443,0.0923524316265488,-0.7702812152631302,0.710825648040065,-0.021419694750018543,-0.5087305185266087,-0.4163273697637476,2.193283004198758,-0.37411517118043314,-0.45875002270161247,0.26907805895533776,1.498247125984021,-0.8159557712239546,0.7778136037882065,0.7402158684276853,-1.0280211705229834,-0.5537644173350381,-0.3706397971440332,0.607797236504881,1.4111147972224898,0.11713300355631068,-0.8250470591354152,1.1081842351214857,0.5723895422608293,0.810648639259928,-0.5450523458540784,-0.042496039642386,-0.4258999203073875,0.05421085704539735,-0.2570737449584926,1.795566841505105,-0.4145128135437459,-0.31713614559900277,-1.4206270431907237,-0.24664151271686613,1.069572051668872,-0.36141402907429165,1.0731792366734492,-0.6958991009050987,-1.2906981881712407,1.3994929876551894,-1.390673606546345,-0.22828752464821495,0.9207056124914523,-0.7517989002666859,0.4105184991642978,-0.24111205222009952,-0.25026844764329936,-1.2981543451695408,0.7447160874399193,0.14786731094375968,-0.7070239107967372,-0.7124113607158117,0.4017288686243753,-0.8938135050004483,0.5682084677777729,-0.008500634594738044,0.33079810561892764,-0.3667999035192071,-0.031340378865273084,-0.5843183177671483,-0.8442766416625354,0.9970932130148437,-0.7579715331028383,-1.711094023724065,-0.7681677164180439,-0.42183809716141446,-1.004660054730832,-0.04369007922466883,-0.17044368358545264,-0.5108762071457383,0.2929813391558472,1.7259442193769672,0.44240409732441555,1.1094025938696652,2.5016801102653208,-0.3213016704243353,-0.8114973603854514,-0.09622108788401622,-0.3315387548002436,-0.7874376455728798,-0.18813123232425993,1.433427200404311,-1.0325670468482269,0.6072413648232825,0.6833108395737985,-0.5577138707027642,0.9048300302915209,-0.012496517503514432,-0.2466572985917001,0.010888438089618618,0.6694229913845052,0.24257841557057538,-0.18048961236254504,-0.43764169544961184,0.4354670995448673,1.2286821685848461,0.6227978263206223,-0.01942424644535145,0.4703548601580006
-0.6690787840266661,1.0205142078996885,-0.35590120004834286,1.8560283799880681,0.6547690208906932,-0.38837512982412786,0.6071705542603679,0.2769754781835501,-1.6713977118283079,0.7153646865859576,0.024533418934167495,0.3401032057074426,-0.15785821732699054,-1.4273471517202039,0.6641196084645568,-0.16781507313976857,1.7096419292952052,-1.2206482878219826,0.36392727167129246,-0.3652196497899503,-0.5460088144975039,-0.9031026046247473,0.25167015604474946,0.8618966702713704,0.34503377961689446,0.48326966805285737,0.8440747376562885,-0.5037312782517757,1.5023242013794937,-0.3713329966903464,-0.023792490290642253,-0.8928767568479317,-0.21685878434236952,0.294827443243055,-0.2842640171091752,0.35209372296888747,1.1407435424940882,0.1025585690878495,-0.23966186246374044,-0.3497294419496639,0.2635526403014323,-0.8038017117450739,-0.6057523598195714,1.7451914781673719,-1.2742777652132666,-1.1936416199727875,0.9343572993505985,-0.9627087284927984,1.6533808417124674,-0.4819079424304946,0.09030199966215392,-0.8235593591404353,0.31760693626974806,-2.5182304139205614,0.975159427148232,-1.125727722103065,0.2085229700778736,0.8579674879394359,-0.6587347404283665,-1.3954324930228363,-0.1679931284900784,0.5533063098418614,-0.3959335585467707,2.2194331881158105,-1.9466712947717943,0.17200072505975417,-0.793028317751942,-0.950310372761002,0.8056263888844402,-0.7028004421663369,1.5999417752115375,0.3591431658575445,0.2761926809284806,0.9261786804906,-0.1575234474391462,1.2812359518243936,-1.3630383412439826,-0.15428092083759493,-0.62351704575703,-0.7204535173529345,-2.375577748304468,-1.355471389600072,0.8772577936025647,0.835281819617331,-0.941288209003139,-2.3842221722655785,-0.4106538255611848,-1.0604689795784044,-2.0842021624563483,-1.5396084188908954,0.08251465447837157,-1.3105785194778488,1.3488310027920367,-0.16043737373999892,1.7538893624272112,0.6059820991881059,-0.2325135439160488,1.4960377562296452,-0.9475194291752183,2.6542813046917604,0.5488401867111111,-0.7935655380173529,-0.04341338568318069,0.4849018785061633,-0.6606468902093338,1.500282605995126,-1.352484982591911,-0.0070466814930074334,-1.0376322095648223,-2.140610744595662,-0.7332920456579785,-1.4438015928712686,0.4553124292215156,-0.4023873924318171,-0.12936686962825028,-1.5348877359542934,0.5233955826765635,-0.9618422381557268,-0.15072733258021093,0.2224031462249728,-0.1703216848417151,0.9968437358050252,0.41784259561044024,0.09520474199475515,0.5043983152867202,-0.6312297660820535,-0.10575730659069246,1.6453429045340344,0.14175381402206777,1.0228497521559947,0.26794322074546,0.5815590463416159,1.2856165217495903,-0.340371305858635,-2.017387481686749,-1.1106053062235508,0.7833533103321032,-1.3120759098211991,0.0015304792159981494,0.7054477515284588,1.2804234162036527,-0.4640710713493521,-1.973038903495332,-0.10428957011029007,1.0990676623744604,-0.37321568896255164,0.4602185570188625,-0.8102167820260588,1.3703056863559564,2.514154342420418,-0.4024935205232609,0.26815723591380014,0.22873400489417844,-0.08200113423317189,-0.14226756227064308,0.164986547167543,0.29809980001158454
0.4214339873384698,-0.2253815618435464,-1.5250087642345267,-0.1790059904116121,-0.07706705316842934,0.030113630427753734,-0.2764538340732748,0.24495031312101345,-1.663074397392304,0.8820559751561746,-0.1700993840862981,1.5221433368078354,1.1094902391281574,0.3135620692857816,-0.6416987729568328,-0.7991110973321304,1.3854449914434697,-0.03440203001255366,1.2585162456492127,0.2708961551612885,0.97384663088465,-0.9160813705119387,1.626180718598842,1.1061845167862239,0.7600978861954228,0.773675096710125,0.8243647225074334,0.37153522871583183,-0.3429109724128968,-0.7086462433803081,1.1283023219518438,-0.3681262255363276,-0.5582872189988533,-0.16640781524056683,-0.6574331357722986,2.077005306983898,-0.08159948060541491,1.1487861663284098,-0.3809515453318259,-1.2933289908358,-1.8275886337911584,-0.1042881998960607,0.21876599630352217,-0.855058090700328,-1.7907802051575001,-0.22881458761038984,0.8635778961333214,0.47488816084963753,-0.7059372219288617,0.7748673761759516,1.5031697463042164,-1.7957201020081792,-1.1694308809738865,1.1370825212674234,-0.22258584173932588,-0.3218089108476047,0.509849283648244,0.8669977996247423,0.38499926695349024,0.37466840190069833,0.0341013469736901,1.1562784457526196,0.4868012042324737,0.8315201692075592,0.0782870747355103,0.5872781372368041,-0.39331699638979906,-0.922739521933115,-1.0336424685702024,0.9212990979855782,-0.5447349845063822,-0.07667904125558073,-1.0453511315111206,-1.073026914899739,0.15650146568232043,-1.3152326720305048,-0.14762833413873638,-0.07222265979855562,-0.5080954301497287,-1.623177887421074,-2.2022606444544612,-0.46992944011399795,0.22375893779146552,2.4363213769029834,-0.1863735953617713,-0.019510055544830818,-0.7574686270856945,1.2214880420121665,1.2039406492941942,0.028967013074922252,-0.18815641306104808,1.054665571365499,0.2414643919156592,1.2495119777403247,0.07515614564590517,-0.0280480808161823,-1.0595680450805498,0.627182974965742,0.13560524404403476,1.9046519460705014,-0.2728930620634492,-0.35095461776534803,-1.3368668799041084,-0.9173337660987166,1.5462084990410523,-0.15234839934931949,-0.12497031715324944,1.4204124560700406,0.6601112755019438,-0.6048765042289905,0.9417478632859545,0.13443555751689013,-0.39466668501930074,1.4437944636091407,-1.6358768096318983,-1.37351874897527,2.2464306999153707,-0.6992861876758218,0.12925347278707247,0.8614519835274084,-0.029767137189831535,-0.2323649806533091,0.0379023253823401,0.5979174351457179,-0.4445823293765518,1.5241627856323732,0.3654293815599433,1.2540961390118035,0.9870969335893206,-0.58045842921384,-0.270186603322238,-0.38181515916454434,0.5335575886984419,0.8435157443726788,-1.1924639886095105,-0.6499736532508503,1.5414698963081868,-0.4908692609170821,-0.12947264420187385,-1.0657949858706957,-0.7138573620032271,-0.9381139321777869,0.07298407399172406,-0.15829958428529184,-0.010614978688476388,0.6606812833475963,1.6992320218024484,2.4112740181045074,-0.03037637362127587,0.40985526057128735,0.07367462154095075,-0.0006507689582391253,-0.03388681697048632,-0.2637535777314309,0.04313069817870263,-0.4735278380977697,1.0870991503929235
-1.1269852864147036,0.8602826474166404,0.7306330230432925,0.42579153312658213,0.24037929755553109,1.3807165060027615,-0.3416184390386597,0.09088599133179781,-0.3927147931190897,-0.15554364168895568,0.21690720464042434,-1.8321977777742262,0.4924572609352302,0.1821346706146707,0.8024250090338907,0.2786309301509222,-0.4514397992925739,1.035230325755927,-0.9995722794919737,-0.19961838872207227,0.8389190878491375,-1.1276850894567412,0.39957161037655775,-0.7779189185045824,0.4132923293491815,2.080580780397698,-1.1330974896345525,0.8939552937244383,-0.1481077461056924,1.2272229101306125,-1.234798764973175,-0.15728366876209623,-0.9880723405062365,-0.41895289144890774,0.1123755524359065,0.3252890184303529,-1.0046876329319991,0.1830016158700005,0.6998560740184151,-1.1821549106829983,1.3303306285717607,0.46306833003700104,-1.1947088817532403,-0.6334478045208936,-0.28195107222448573,0.2981366130396523,-0.7458299720685705,-1.807024698136822,0.30062382664142834,-1.4786485540327914,-1.3919490986404386,0.9977422743399889,0.34517021259088926,-1.349189784049278,-1.6629258859938238,-0.8188276071392918,-0.40151430318241815,-0.10178961267965474,-1.637466397949347,-0.5496262294933747,1.2232887425732428,-0.09090183167361927,-0.7180785452216415,0.5993565652085021,-1.3693229331985333,-1.2086895615981454,0.21878156172984936,-1.9766444031574784,1.1292251149778423,0.8817826530875683,-0.6855503742351368,-0.5950061697856478,0.6693222746439383,-0.33615729149455065,-2.0518834553141496,-0.15086494791520091,-0.8286033322750934,-1.0392683533304177,0.10341241000374853,1.0466853962259204,-0.6027523789488332,0.216675539161622,0.868343239571506,-0.08853901237023755,-0.26566788184432144,-1.244895529180181,-0.8130409402210705,-1.2466751727439513,-0.46313719239328316,-0.5023661940898628,-1.25195862685441,-1.4975205256394135,-1.9295892679373599,0.6079314890135925,-0.6451883323980616,0.4489181670988195,-1.2014046698825571,-0.8937314946787873,0.3627717950140826,0.6068716698165215,0.42265360654946965,0.505317643633845,0.42773708396998544,0.4544990294848497,-0.9979035694929305,-0.23881718475920918,0.33985062672842326,0.9929092976045867,1.2193510823187752,0.05504594267270225,0.7337697082721033,1.7444394134347345,-0.19204285930550657,-0.6966808368148004,-0.6231130164129576,-0.4913272251679642,0.0049651013880177616,-0.892917900301377,1.0834231332631332,-0.027126970140103127,-1.952182197942483,0.5524794464856165,1.1962425657007767,-0.0034084813979711323,1.0750142922921095,-1.2336484616600731,-1.2178345937994342,0.12497447838715825,-0.14757447141597438,0.052569269651219316,0.05062936343384835,-0.12558723731583424,-1.004265230512362,0.8929557958874412,-0.5294608613432399,-1.0225943148017251,-1.097176028709118,1.6655121874718635,-0.1292340985899176,-1.495319537940405,-0.5295588245744759,-0.47220543159583367,1.079671246980523,0.32521487484105793,1.7664155158034351,-0.06556955413418404,0.2620272471529729,-0.8902882041069401,-0.9921289497791688,1.037730831023503,0.10032746862391513,-0.6406322530323436,1.7581412603265083,0.5120772844024908,-0.5177535729134645,-0.27739918713750517,1.2366854162734044
-2.248070407331319,-1.9154932072683484,-1.9238904544108693,-0.44937151854174434,-0.2109063469882733,0.6007181287743207,-0.5456430721670933,0.6442327539532634,-0.052089110103731684,-0.37494803220753653,0.4198689426603583,1.1172169204573907,0.06898106069303485,1.362096510687386,1.0931369111173406,0.022940413866833733,0.7193781783795151,-0.527155456357496,1.0668204481821502,-1.3861212792562834,0.5468496338913266,0.30940641769143373,-0.4758361914971657,0.021403996770619993,1.6248794131541988,1.0752005732166487,-0.14869093338577943,-0.5498571402832743,-0.4472273529354218,0.4026044660907095,-0.6276375874486982,0.45951405732713196,0.39065185955873805,-0.24328565535034402,-0.21573217319944443,1.2132271854531824,0.1258794130373233,0.8820271042709471,0.284345816381324,0.16436035082108363,-0.21183084964115434,-1.1003880901712857,0.045961371565482016,1.3688014484793969,0.5783748601290594,1.5234759959812147,-0.42170990795666047,0.7956872640285495,-1.52759628302623,-0.34648459849217345,-0.8809599635642769,-0.20742515206791082,-1.2550714870616055,-0.6192820105980221,2.2955951023131367,-0.6308789260902692,0.7808211376419537,-1.1553159102062889,-0.3394236274267415,-0.6169165195198484,-0.888656260719076,-0.3997915057664646,1.928510948619325,-0.21991979181915694,-0.6120031665402654,-0.5056907478399829,-0.3130708198163087,-1.1537195878341715,0.2994595742048889,-0.2756768682846831,-0.034389714649692586,0.04317688634861164,-0.08226741471909331,0.28735866207868815,0.12851227859392655,-0.3782502460348941,-0.4969712452278403,-0.5541388118451344,0.36933275430727863,-0.12895424112073478,-0.032638296049782786,-0.2752848998195167,-1.3906318162247506,1.096722013783821,1.5196777186649573,-0.821349788246896,0.1210054436557931,0.29682678140808283,0.45739002673863827,-0.27434335459935033,-1.2410030708196207,0.49289313250488803,-1.387191820800496,0.5306618270077874,0.42260960160968164,-0.8818493417893519,0.5644340192907059,0.5860116344727219,1.9952202414848756,-0.3639109210591466,-0.4254682607335054,0.24766506431439256,0.7515965838817174,-0.4165404016346457,0.5631820152846063,-0.632008719067773,-0.31248605080725106,1.1765784799872216,-1.1016561699598446,-0.17145323911185292,-1.218731630389121,-1.0400605665300928,-2.1631634220791334,0.021585710438766025,1.1576623393793584,0.3747129506438229,-2.1564392181871312,0.060117656261888315,1.0592526526261072,-0.6486669109719507,-1.3653404492928787,-1.070599726901003,0.20634449689275297,-1.6420044402196032,-0.1741415811912113,0.06935199871523431,0.4469386413500642,-0.8470203431319774,-0.18493631070552222,-2.0683726009483596,-0.5510123687605774,-0.13071551763473677,1.9375419361273076,-0.5692045553225021,0.5241353095697422,-2.7293869104152195,0.5831728189811165,0.02079850123212945,-0.375136628833156,-0.8645422658811335,-0.4431547637440585,-0.13672570231527267,-0.3571912328303646,0.5256994347613713,-0.7103795672770926,0.8839840995926045,0.6847213933193008,0.8351546585808788,-0.09938041984473303,1.420683035818993,-0.36442405532838124,0.5816123787875882,-0.6610005723467025,-0.3548768711687695,-0.5593459922721294,1.1127115220899686,0.6511821355120043
0.44127587213245717,0.46488107711913335,0.5539330825469009,-0.5130071985893037,0.11122114616923513,-0.39951755608956996,-1.7492487861444033,-0.2913656916295447,0.5748919683435771,-0.13731934401955534,0.3748143352398988,-0.1697498280023078,0.24571661678257126,-0.19646952902140422,0.7584598127284269,-0.37595880397869563,0.4007353243040697,-1.5771809441285733,-0.38217429071738906,-1.8764177771226955,1.7041990748194173,-0.4498818618428636,-0.9941204720509718,-0.5830931948309814,0.39412254096369465,0.6617022078614232,-2.9407843359711423,0.1386864826911901,0.23616365342963844,0.9506888299134726,-0.06531067472295846,0.5843726096329321,-0.01759408136086818,-1.6022921316968557,-0.4374139032194219,0.5854455937146542,0.9768854637143429,-0.3758964598382844,-0.0509969526149683,0.6656021324676841,0.6940576376199967,-0.9040864849500682,1.9383825537140353,0.1998281194286223,0.11139996603039301,0.520863115911544,0.5979867998267926,0.21662520903544735,-0.44879442593899993,1.2960652684679772,-1.4234694983097391,-0.00899342426715716,1.8470397282979651,-0.937413397325787,-0.169923446017308,0.32176747186533744,-0.8605490346091421,-0.36953707603550806,-0.5385098514307081,0.7228816191352669,0.768660527916968,0.4305270330840764,-1.67959612263386,0.08703103680612945,0.4908211197662002,-0.371521121079702,-0.3415560594098121,-0.3246420953207686,1.582054878194012,-1.0226571982842072,-0.749303410530576,0.3981805750133953,-1.9451486808043434,0.8150126237571887,1.3630751994111985,-0.4420599173143248,-0.07566646950035187,0.3280219379619154,-0.01848473196339702,-1.5194787528100728,-1.889852959551352,-0.6766007019735828,-0.14641926921393733,1.3505359634627387,-0.8515826067829939,0.23301835180500052,-0.9160709699271038,2.523336958632393,0.7212632456085682,0.8780383008762279,-0.23186561721323753,-0.6714658367782297,0.6478321861954774,-0.04071297773310062,-1.1939290224116352,-0.10202225241539695,0.3635967157506169,-0.5889440367605007,-0.48980630391383645,0.8226517300682367,-0.40336151331015185,-0.8997471074625932,-1.1701079793534677,-0.4276251586733983,1.311658145310764,-0.16802899680253428,-0.4879114447730759,0.2850879036237574,1.7319818211150135,0.9493426004835065,-0.5419467554203254,-0.12190969011948612,0.3478825875577293,-0.49706049336897484,-1.3769509011456742,-0.2222315379176417,-1.2531032330055396,-0.0593437263736735,-1.3785994918529,-1.0219030725319673,0.4313129617800501,-0.618631452767681,0.6733318547144611,0.3160843459184791,0.48106536913786396,1.1284909145765396,-0.5706753108802944,-0.5492636125725993,0.7610214689120922,-0.4933498629319062,1.2516064007843852,-0.5526180218810471,-0.41219667191652554,-1.079151453636885,0.5799418516077063,-1.3947638891171195,1.2434980152158577,-0.2199118819967521,1.5243474260580518,0.486507107989323,-0.25459281695591235,0.39257077188765016,-1.0777603702170793,0.01564984435767884,0.38795877246117777,-0.5866866083445069,-0.8579983527449725,0.5540200277691226,0.10585319313095358,2.413786033079177,0.4920310428761891,-0.0612568899580141,-0.2301305274238917,-0.37454106344174276,-1.5096011229410102,-0.2433021035424496,1.5609821073801067
-1.2991921129748816,0.38760080030882266,0.7270048456825741,-0.3934743266194526,-0.15835080389152695,-1.184379061936552,0.6296814727425858,-0.5523629082564435,0.8333907484504123,0.06258388883269393,0.7129247621227705,-0.6697660399327986,-0.7965436792344766,-0.017659130548898287,-1.3171912514447286,1.218668845856538,-0.9235430291035669,-1.0220070998756345,-0.19814911841776905,-0.6449538460783745,0.31040221473074064,0.7537003701455387,-0.05119232315424956,-1.1549438283909912,1.118773232809837,1.3214412524844332,0.3000766255659969,-0.30308375780397745,0.40949304461582486,0.14563796102728988,0.6277213094345089,0.2873059895628114,0.8805016531250124,0.9540029752037396,0.7672750190120811,-1.085654183270257,0.35503999011671644,-0.42522379876047633,-1.1246061748170326,0.8788558242851493,0.2748637486241766,-0.4776547945737816,0.34359042994587347,0.15160030075658745,-0.419185822101792,-1.6512552728405543,0.7928544451282055,1.5751354882695934,0.6574405836180243,-1.156840913952781,-0.12446651858100828,1.2658549232140346,0.9624871383246434,0.6767246679461559,-1.800490579561943,-0.9737672337629565,1.4486133040488591,-1.5980616868025446,1.874848566764839,-0.6254782490715496,0.790402178048369,-1.065745441599844,0.27404699905860563,-1.7419386080202468,-0.20794534874239617,0.03071582647516632,0.7505560925399387,-0.4465876817535946,-0.8538370722801886,0.8353684433751141,0.15508864633449648,0.36400560925378445,1.262360996495127,1.9983896656550821,1.1877719959003914,0.4873448551584959,-0.8537746187228603,-0.3638370272418987,-0.3759170127802921,0.8332734100047745,-0.2258938473842606,-0.42583788445750725,1.5676439740627697,0.41156920591999485,-1.268457742496948,0.9716174851700298,0.876776319672063,0.6358599518917749,1.77954194254742,1.181281829381159,-0.6650987683761675,-0.6925124448804578,0.46761727294732663,-0.14669592822512761,0.3049199210877988,-0.2387109248978651,-0.08299372123183132,0.2782326734144382,0.39600615376608417,1.425728741040724,-0.2206942591952685,-1.130443672484427,-0.9681532182821213,-0.885635678675276,-0.9777644632584497,0.347524928247698,-1.1529096757073771,-0.8520414725859643,1.6487200072990222,0.11896836687605153,-0.8183025071774471,-1.013138007414346,-1.2173027690571474,-1.0944786248621803,1.3655656826710802,-0.22699440338144444,0.1137568056094945,0.05703899352022178,-0.04718902125830699,0.8339831456321423,0.12930450655870346,0.1734762039461069,1.255657637634342,-0.4058626172959114,0.6995865810188419,-1.26209725089168,-1.1022824970585672,1.7557596034034975,-1.0314481843260983,-1.3333041327195125,-1.4240642268106904,-0.047691351174551824,-0.49356055921739744,0.8236393387565644,0.08926541152560356,-0.6041852748933515,0.7555467500108902,0.04719318675259978,0.19716188152353736,1.0141138607362818,0.3880877021115651,0.8238740966502333,0.18036886039751446,1.6898419605004904,-0.3187564064089719,-0.7820128866935233,1.2668983644927685,0.2919110773843523,1.6249936118219561,0.5878947391859317,0.6521321812476696,-1.6081448805836303,0.17683780045329647,0.9913154529924314,-0.20899333266264988,-1.4013004156050697,0.19988168856719302
-0.08501801965877265,-1.5423898886295553,0.2265566384156321,-1.3794117533075805,-0.40388058400772087,0.8899135117564613,1.165694698175268,-0.5412446154113545,0.24039795275406697,1.532363445837804,0.10148649586784132,-0.4312902165511056,-1.2459483376565965,0.2641609786187553,-0.6211412300389849,-1.5502260364010811,0.5875505301487983,-0.17063325544207456,0.5177507331126466,1.1161128639281714,-0.43032152762452397,-0.4171010791964919,-1.1487337493017735,-0.5985351751776228,-0.3857621242066554,1.3144443106006458,0.24933146166035897,0.3283790827182438,0.23810942829145884,0.23538861836221023,1.1082431166407052,-0.010954194296617184,0.09019418340504355,1.3817982380530442,-0.20561541076036238,-1.9668112242682907,0.08277262284777742,-0.52438332994642,0.8689112913362163,0.7666352417846473,0.1724336909860429,-0.22403214276287312,0.48108240719381645,0.4578474189204694,0.6423862483547602,-0.8563020641670851,-0.46534935807560057,0.2703097664889887,0.3176109910841723,-0.8738773695403013,0.20103461856196791,-1.0233681430750252,0.1493579944732554,0.19193113580934898,1.6527357614701867,-1.4753845044841902,-2.039619570248853,0.18381422600338254,-0.3725485024931527,-0.07029954437546199,0.6243913536884398,0.18843060613776655,1.114222448120149,-0.7121842128687419,0.21164801915419099,-0.39546025957407505,1.359901711594908,0.7490358786084537,0.48123448100283,1.4362399972968438,0.5020396338202925,-0.07482616838582228,1.3035985718693415,-0.5763553339044708,1.0199607316675425,0.8600819758283034,0.9841992319864762,-0.8190737662880232,-1.8878110192148325,0.022862389808436478,1.0464094839980438,-0.36209743504551156,-1.4670120105040254,0.8809111927720096,0.5825492513314259,-0.5812940491441263,2.108916666490047,-0.1497320523293358,-0.5186673808066212,-0.40115102024548116,0.7828290447298909,0.5063482228402574,-0.67675562944924,-0.46282058769948686,-0.9586710170133534,-1.3998312594017894,0.5471331869962343,0.14937735212151207,-0.12002559039368275,-0.701217646270885,0.6324617751659287,0.1726586497828904,0.7738693498905632,-0.5447021315636235,0.6317503522722202,1.2988660416706197,0.9865235090719068,2.089605113261125,1.3102966887860084,-0.5156288836765454,1.0363979526695795,0.048080201191167016,0.15084508791216863,0.3227990837182136,2.476965387826465,0.25721899974282125,-0.48271704951202965,-0.20145739331221463,0.5835935855447631,-0.6551458411370455,-0.21521057736261948,-1.9395356587242996,-0.5450391464427976,-1.168305817535706,-1.2653200552310668,1.3262894617973198,0.35115034290439023,0.3476741939120872,1.8097685689785576,0.5087940445313074,2.832636753133042,0.7812323855554292,0.16105270395541396,0.8001631320371879,-1.4908801543426986,-1.7708134524854182,-1.5098381480301506,-1.4015801273709185,0.2669082073004391,-0.35673396193165946,-0.6200070964071702,0.514617045729212,0.26302485990840074,0.555962836602891,-0.23555235839628763,-1.3907203761314424,0.5189255561777586,-0.20934600035612483,-0.02527250647622734,0.4741446624236826,0.9528421636630514,0.6424803038821535,-0.39126088394168357,0.09173612259223267,0.8825882484992901,-0.2416857871962764,0.8016917018379748
0.39775529364698453,0.40972092952758465,0.21690403966503652,0.5431067975232066,0.6873157020360539,-0.47228486825541266,-0.539303216503368,-0.7198306498543097,-0.1113655074690008,0.5623463513344452,0.07252984054588858,-1.1245818281739641,-0.19949988127992885,-0.4451781965060681,-1.2369171500156713,-0.6677326703038426,-0.06670345136959974,0.1740198565813175,-1.6214997824111372,-1.442207943604663,1.8890069165409382,-1.1451538749161774,0.2894019547957529,-0.9508177176261989,0.1794684610349286,-0.36922439772362825,1.9702913135433566,-1.4626218971509881,-0.4297763688050406,-0.16898468918554813,-0.37563036869300404,-1.4276011644745104,0.8383434646330856,-0.21883802934440008,-0.14109530784253455,-0.07763034862803875,-0.6731860133107567,-0.6574693804945587,0.002950266651850971,-1.1227321892463455,0.4568205172867024,-0.04359124048978733,1.211825836350918,-0.0385917974351198,-0.8415577191992365,-1.6298943819004514,0.411468919548041,0.16911178149853795,0.7969851542818671,1.2004603340085644,0.8425251509201395,0.6724667805972482,-0.1257274237956594,1.225208757243255,-0.8076598679189639,-0.5788636538999942,0.27587525240257904,-0.24944722807513586,-0.4690298191165888,-0.5828140565403785,-1.010575436424513,-0.45188800273387514,-0.2053339195671224,1.2407914059141874,-0.4578474759615347,0.35256465669680825,1.209404298765289,0.10346320953258867,-0.7216586464711524,-0.733698424059622,1.2017394828066557,0.15266419936169642,0.431606124567721,-0.4684387531831985,-0.8633488239257129,-1.3361929412291613,-0.7409852285024787,-2.354302752986302,-0.8518283319873522,-0.09444608558034867,0.24449727257939866,1.3710786929562635,0.655133181388842,-0.38632646127754255,0.6162547356981495,-0.9693766946399903,0.5442399262870973,0.7829026241424276,-0.5334459597962163,-0.9865133549013128,-0.02824437633826502,-1.21642220276545,0.28898752014409673,1.305946791882254,-0.04504369136060154,-1.1699078395814864,0.5140985605554866,-0.11298253085572285,0.43565952294978666,-0.9639188543653997,1.4993908131618194,1.0307209225324987,0.10875875413083926,0.13120817039292418,-0.15068604288378,0.2685437582542423,0.3795609696078938,1.422212335533948,0.2297723182264087,-0.5099603100592942,-0.3234469364780445,-1.8747163387724335,-0.9857274314365287,0.20578462436753805,-2.1434645589216736,0.34274237103127014,0.12747975823008542,0.4152252532674021,0.7411867523984317,-0.6777354187225548,-0.5811948842805835,0.5114489120144887,-0.226632616832322,-1.135009746279492,-0.4331598305895131,-0.13729843544714415,-0.0312762148348618,0.7181592924422123,-0.36173380983009684,0.08503074066653048,-0.455867065281224,1.567707411708445,-0.8589964864152964,-0.9779245919925074,-0.26194869998965264,-0.07942127444394316,1.0035832825324613,0.5101566907304722,-1.8474530434926033,0.920546386558352,-0.04899713207132064,-0.22467372223909043,1.5034833671503478,0.11548940494757373,-0.2850329915872062,-0.3237838930446314,1.2742684523502712,1.9553170683806873,-0.6343144431112991,-0.2633424722097175,-0.3764084803999183,1.301296186919039,-1.4135407100089332,0.5499021116088747,1.016758500183574,0.31478786900432193,1.3554441549827534
-0.3603901253539218,-0.17387100716535273,-0.4556535917719804,-0.0570316913410238,0.7460796013021302,0.079131263222018,-1.0848681310860726,-0.9725746259997977,0.3704121068856722,-0.27640919488670157,0.6303197069789122,0.259342947880305,0.5454076810028688,-0.37515205249016276,-1.0091227486079353,0.604783873323302,0.6439645151393136,-0.600481121013477,-0.621799946328597,-1.078079523588513,2.0186301571011547,1.1401662720916304,0.7075196783060459,-0.9211772614273908,0.5085839845424964,0.910155480298937,-1.3130335867457719,-0.7577101085174921,-0.6134736036432422,-2.317436648856782,-0.09186884421679688,-0.5723940542476809,-0.19427038871580302,0.9040747099521429,-1.511959949793902,1.3724564697607866,0.4907132519400219,0.1263610256835182,-0.26826203433103996,1.0292641354040555,-0.6161713364843721,-1.8689569228236573,0.28254009671976393,0.3196677430416186,-0.39010565301627415,0.7475387335004801,0.18415698468751565,-0.3756810085911982,-0.07216066106464285,0.270734421332906,-0.09086407353804404,0.6941792583139069,0.8961141096086755,-0.812545005589752,-0.6175853671572212,1.0840856231828546,-0.37295048808842285,1.5140971799360223,1.0299948206745664,0.06639012031496862,-0.7716002295565685,0.3465575652599596,-1.49061616681033,0.5657091423632116,-0.058182608503102,-0.6129970709833852,0.3322064323156416,0.5284628103078689,-0.01967208676076649,0.3106030635843465,1.6782187135577873,-1.0109854150970325,0.9935838674094987,-0.3972752031275998,0.0060044500837553635,0.29086971082224916,-0.08926601291774801,-1.1885022411704231,0.23375681658180422,-0.007443567065023272,-0.8502149267973069,-1.3163815232625586,0.9708115618556343,0.22860144912231026,1.0227921320391857,1.4841725557092222,-0.3588334171253158,-1.3445071115758882,0.33693059439282547,0.628707312738036,0.789956305213911,-0.6216228459523052,0.5527833181608476,0.15368452991027182,-0.006708083480271793,0.12160032310301234,-1.2471565714249382,-0.2889946040199878,0.14408071616805476,1.033866644238565,-0.5673015283499305,-1.2386677206073973,1.1096504767308832,0.2482014143331721,-1.2996280568520753,0.35342781941926044,-1.82526953103874,1.7094849543012172,-0.6048619370808684,-1.6922005994822775,-1.2443654728588076,-2.207045101399721,-1.4945067588028789,-1.9171240007270527,-0.5111160694031452,0.8370906857330644,1.5065084158664208,0.6462544555391753,0.562899047426171,-0.19472855866189642,-0.4443761444520078,1.0055153484277446,1.7659362567933865,0.3252803345547766,-0.44510083464539274,-0.8649691840956035,-0.691089716300511,0.4267023895756691,0.587338523156305,-0.6661396406836214,0.6101363206178292,0.5223298552040265,-0.6944330389121484,-0.9705788577692841,1.3931649820549352,1.3545193653976342,-1.8824243425528409,-0.3370397836845877,-0.07585396468662173,1.212815168115933,-0.8369049475731657,0.07639161238066787,-0.10338121240549544,-0.7729943128739676,0.670799412968695,-0.517681246242411,-0.5914591826121636,-1.199086707375472,0.027478377597162946,0.9305287643288016,0.7621529978366597,-1.952894710058871,-0.8514593679799735,-0.9817762443372828,-2.010347672380518,-1.0017519046391652,-1.1549997822146407
-0.190658676328416,-1.2541468948835837,1.5573174491980912,0.26371839172796513,-0.7665308540615116,-0.479032572944218,1.0506627800780861,1.5951872082759213,0.2112092656464595,-0.1851738023188188,-0.22316349484688403,-1.0607488621023549,-1.1720316308315097,-0.515750687270546,1.3044351161526766,-0.6855688763084669,0.35346754686749843,-0.2770029023516939,-0.5624997435175465,1.5574500782731309,-1.4855783178785615,0.7030604753662854,-0.4970461958171973,0.3000347135274174,-1.513098796084136,0.5556419100686275,0.12512601722297204,-1.029904696046317,-0.8606163749827005,1.3200927758183554,0.3733441377449377,1.7111966985043934,0.9705987239859718,0.8977907024924785,-2.03199321827029,-0.05899998536421023,1.552759259431053,-2.020621622879603,-0.3570221735100252,0.15403249556505527,2.0764540681595767,0.14261643510389163,-0.19662895643252287,-0.0546479951688923,0.041752225142340844,1.5203018093793546,0.7638809374989614,-2.4040025521243136,-0.1017674634087174,0.5436103711083164,1.8739572717047166,-0.15406078980081772,-1.8936949587576937,0.688564458654031,-0.4295455324634351,-0.36336972670037776,0.21529829513838938,1.1761558301187796,0.3611026098111787,0.6132812111199234,-0.5137771593137856,0.6587212481846241,-1.8597641473175204,1.192331830150586,0.689727252523779,-0.2872947494615252,1.7219392338035575,0.764561178082575,-1.383618649327535,-1.602070808435795,-0.26781887889740996,-0.1912224924496762,-0.16903424793892072,0.08751000892611326,-1.7348557886618599,-1.6990595948446048,-0.37576445756783494,1.8859934225802533,-0.3332104954708053,0.3901640494465258,-0.6324455141774333,0.05983677615059596,-1.1985469401936886,-0.06128098104732953,2.0965455912695092,1.5580088000650272,0.32617574384640663,0.5177751357175806,0.40520734146446963,0.14849097881810702,0.6155434750506789,0.3634340123845174,-0.879634844087573,0.9625050671341658,-1.324918324957765,-0.16099045531547165,0.7202062359203373,1.129314377288017,1.0042167875586934,-0.07864918034630546,0.8764255792430573,-0.18717387480012965,-0.14408164327521758,-0.1832416742457667,-0.3637645469901689,1.1417256991500273,0.12343748535362727,0.0729827098803606,-1.6396139203977198,-0.5589148696108973,-1.697006526910275,0.17444541343396536,0.3881425626738336,-0.20085239207682834,0.10547605007393598,-0.45539003429259206,-0.30082488624323045,0.18634791280604568,0.5933496733677082,0.16672596525475405,-0.16711304941882307,2.4271697037040543,-1.3013336542357303,0.20176876844719369,0.474367048806832,0.1450766125239399,-1.5313161653001885,1.520509109634671,-0.5700526448709419,1.3615568680337902,0.48489954997843304,-0.5249204411555707,0.5521715993074434,2.018773350939352,2.3637335002204938,1.3553984692746643,-0.1137884491659342,-1.2661119675059818,-0.017609489896074054,-0.16119027719645268,0.4542910416361734,-1.9150055842302829,0.39109677369455653,-0.21572477284211747,0.5536537564768945,-0.39113774929582873,0.06883366114577398,0.3475465672492603,-0.7638565427217804,1.1417270822372245,1.473466311599804,0.17286792315587124,-0.8404155077560438,0.9880744748223091,-0.9303494075620978,-1.2350897777464875,-0.2588265647029043
0.21332946130539254,0.4891868771749316,0.5109139765465933,-0.30897000795698903,-2.9942981859053646,0.7829152064342723,1.3803345744861781,0.6430037440111255,0.5562613825488034,2.5883486140467133,1.7868377600496044,0.21981606589935038,1.137509856334431,-0.9741104592681533,-1.142216032893541,-1.1062906215108268,0.6061451506292719,-1.2021425395780236,-0.9055252644446488,-1.0169425553942444,0.9697955065812023,-0.7768826462201212,-0.29775070533687314,0.30418716780853045,0.023018780560162076,0.698930762758515,-0.4736808985117508,-1.1429292373152662,1.017890327586387,1.4402479036385187,0.3691266256194775,-0.5992852593565351,-0.42480993670057365,-0.6610317507111089,0.6617706677708446,-0.7654758329279382,-0.5750989851030817,-0.47461060314150194,0.7165790020471333,0.9092231210382894,-0.6825564596248384,-0.3375408697331144,-0.12908647198555073,-0.4926805590119129,0.06016042351034,0.07236276104214881,0.2505543188833864,0.42565404094140585,-0.021545699834280615,1.1628106616288676,0.055835268852248675,-0.34662471492503655,-0.35430921301670704,0.6698398116761086,-0.6004173308370365,-1.5613472841625893,-1.2842707459353353,-1.7717803290915595,1.9176885624956448,0.6215606257530141,0.6616932654013091,-1.0151168159508603,0.199618487371989,-0.1334420677923169,-0.06919210194420414,0.21384696840573758,0.80052725569044,-0.36959373626960107,2.1784692697526356,0.07851174621570821,-1.2272837283405655,0.28393304562136507,-1.0364713492928674,-0.5583909271475948,2.0583628596815466,0.5957941774372036,-0.3272047468824285,-0.5724179552844304,-1.0518073818301028,-0.5251161413317192,-1.6129850871858935,-2.0180716400509953,0.7565075593752039,-1.3811980008327225,-1.0987574802520315,0.9019805468881524,-0.501793656510621,0.4095541452834284,-0.1373124329762847,0.177795081083518,1.5436157043656231,-1.115178129044238,-0.12866797360450563,-0.8668911550542546,-0.14326982757489767,-0.5880202423718536,2.0333932868889035,0.7705330335210024,0.8967722466238264,0.33632444187019267,-0.7145698199346245,0.5710081303015122,-0.6690467370626481,0.3211990367183693,0.339980113366563,-0.7724333681796905,0.5236570907263752,0.47979195801249697,0.8916966939041977,0.10819506785378478,1.8846179709153337,-0.172001085701832,0.715932508893033,0.58955325594801,0.5977385938773649,-0.6284036640840754,-0.02092679503078293,-1.1647080078552223,0.11358217095117569,-0.25285831745408704,0.9255581905022389,-0.7311732241647172,-1.4401000632690542,-0.8286006135193539,-0.6497950510494166,1.3297370240216337,0.05893606800311456,-1.2986827380585348,1.538786953147313,0.7749448344591332,-1.2307773409378426,-1.286035322624607,0.3855329936126209,1.0512175436698086,-0.38092578155627527,0.31634631534256225,2.049190876346426,-1.4499357187547335,1.9347568615135782,2.4078769814367837,-0.635105421815642,-1.2468615122777233,0.347046771969552,-0.03779956107975788,-0.2934611870842086,0.1778877979761941,-0.8474807577530901,1.7015299074260757,0.675334269458948,0.6119776310628571,0.40152595126870805,0.6720479504880463,-1.1487572197087694,-0.08988090872535491,-2.0547890265858815,0.3408621069606973,1.0735767787249004
-0.3219487916691654,-0.05949797224841785,-0.5530100859566228,0.7151959845941319,0.789807555742479,-0.4626594044857073,-0.2300428556441023,-0.4026208819217142,-0.7685400439886155,1.0749144898698137,-0.9495769054691546,-0.4248365222313662,1.2427590451906796,0.44302847691973385,0.779005312086856,-0.040933169672473874,1.6570589009207979,0.8306196845299348,-1.5010382934664508,-0.9794189222047394,0.5585761390008058,-0.9535944492566296,-1.171687509741543,-0.17141889631315133,0.7762927242549285,0.893647133819018,-1.3702419943741313,1.226805130443751,1.1180594644342312,0.11699510238677954,0.2777761271073913,-0.6389356888573076,-1.2968019648734803,2.3041718005501677,-0.1625459807451357,0.9344549409514372,-1.8263991154696129,-0.6798967017009205,-1.0469995515263597,0.6035572954716877,-0.49352166321690605,-0.795695792961797,-0.46840495097527585,-0.29728742775666384,-0.14187595331337538,-1.2942172997240924,0.7874627990065806,0.16332950063705226,0.3592544311060927,0.07717745695662961,0.5705456898689989,-0.7457084151553098,-0.983763360425273,1.700972307331782,-0.6220869905443651,0.6000481420979339,-1.5645116454904353,0.5299871491401243,-1.2028277588563268,0.026425384496263978,-0.7568812642173419,-0.6705375602895521,-0.9603060676841777,0.7373104351830773,0.2093442942833568,1.2028570725096515,-1.050132624103644,-0.15912393433177,1.0988171082657863,1.8469537053264926,-0.3663087498224087,0.5960774711332205,1.0818408748632298,0.7126216786352658,0.601946248988936,0.14839968553000335,-0.7202668010480379,-0.20476757983248606,0.8028827467105148,2.0413722170450828,-1.4341284097228837,-0.12177532613890439,0.30303477232749465,-0.536421364505119,-0.6363786214270055,-0.05317677975998172,0.7808619308356729,0.13753760042129334,0.9595846523651491,1.7785277233539172,-0.45315095194674593,0.9600705195735857,0.5732763852697398,-0.5709490160207839,-0.11726569782552511,-0.017299296667189722,-0.1637986168167578,-0.9816103108750556,-0.9436485435096741,-0.5895567636011942,-1.7870008508993118,-0.3729033873585485,0.6364830965484102,0.41756146098172175,-0.5092570249632532,-0.3121443654487277,-0.5240461232604616,-0.7454628799962957,0.7975477255868311,0.971458948165075,-0.2613528603086946,-0.02696398897461734,-0.17679999585947673,-0.5658186578202625,1.6694950505243136,-0.9359304814304749,0.8870924454384217,0.7911971053356024,-0.7421536188362678,-0.6779856552968755,0.041098908834466256,-0.204992979789686,-0.3011233821525954,1.2832385369196875,0.04494207252853913,0.08825388328636678,0.5087582654737565,-0.561243802610506,-0.9176380429353128,0.7695964092713864,-1.0769303078624246,-0.11487578799955997,0.9017721356187607,-0.10783301364576928,1.4206861435552722,-0.04660300117799092,-0.452891817266409,0.1810506758159861,-0.39059678638043377,0.3296560819445102,0.2869667722742859,-0.6074855497341061,-0.48195838197497826,-0.5560700900027952,-0.31440882055217767,1.1682211085036078,-0.3125903520574829,0.09614147188724452,-0.6452672246612512,0.9884318908246482,0.3530604296956813,-0.7044866250568416,0.5857348349022145,-0.8713648731652798,1.220853351820238,-0.6375694400360001,-0.5203798845782606
-1.0224557789175641,0.6971807379864542,0.7039201806449799,-0.7431315598987625,-0.5980266495060442,0.001353956620852482,0.5395207377075866,2.3384365637719915,0.29359662561409433,0.8749535805263808,0.8150190950116795,-1.190097801773356,-0.6996672013305034,0.2169662407298604,-0.4054334721904991,-0.8735700710791473,-0.8935647253883775,0.1366857633011558,-0.7442386907073221,-0.45970513027544946,-0.22638936484943312,0.5945518535647872,-1.0673979177802857,0.6589705488657972,0.2641742650328852,0.21912057536798432,-1.420132993232804,-0.6802284288459979,-1.2322721047819172,-0.09378417676785082,0.04324040991341303,-0.08343890824241755,0.43152330834036545,0.6180690474546385,-1.077926719529536,0.4122938787343395,0.12137543348677779,1.182257567040634,0.3920220837963758,1.1004455802696127,-0.05510160608869376,0.36280574389837666,-0.10228969214200949,-0.35244154602916866,-0.3330699877353666,-0.4004133250246862,-0.7143921001642395,-1.17793833481939,-0.8897010745296303,0.44379577541869447,2.2021109376161605,0.14625962031008544,-0.3720229987181761,0.032326483934977016,0.43629508095552305,-1.0356571042253306,0.6717737714852868,0.6224866174252744,0.20113861667051144,0.9335216990209867,1.4084654353803239,-0.995525701211428,-0.6202363140720137,-0.30023871027534244,0.060112061475464336,0.6363825942075987,0.13950757158403432,0.6525863693170539,-0.20700538626035084,-0.39353553860400775,-1.0434406969521721,0.059593494742622204,0.34913432283244933,0.9367876405043818,-0.04965060317505835,-0.9022499967035501,1.0402065946014205,-1.2423534695017822,0.48861072319528553,0.5043600475560646,-0.32940024938778645,-0.36120836515228694,1.4365694624715621,-1.560774198647509,-1.6934123700087351,-0.22899895242467502,-0.7141552284532314,-1.027795954542274,0.5700746426842327,-1.508287250369259,0.781832638918342,-1.0689092417891393,-0.11474644450996628,0.2535819450030906,0.40043943817877725,-1.582342446604508,-0.03250583975069955,-1.5804941179623346,-0.4736523443998267,0.3686626682758326,0.5999236477145108,-1.282923322348642,-0.4619818870491378,-0.23888387895558214,0.756753676051966,-0.9460521422362758,-0.3302204164675307,-0.5045488741656203,-0.4270490401516946,0.8074002247927372,-0.5248272786187937,-1.4071875085108683,-0.7395102855553893,-0.5827945449665243,-0.11467484506023969,1.1468896192331293,-1.7748979062415497,0.8006153465256721,-0.6182908434894884,-0.29272258517125077,-0.27587356397811064,0.5518693555516309,1.174773122074908,-0.4932929319689628,-0.615160561965816,0.19296551810034038,0.9631753513361679,-0.30551164256048363,-1.3649306729210762,0.3579625831017457,-1.1184901788680746,0.9365307938389814,-0.25229914135822307,-0.5636286970430049,0.15375750867093727,-0.28029528327823705,0.7674908704729789,0.36748485315055884,-0.03350365517866863,-1.7115153900611506,0.10517656777853117,-0.6817825485923142,1.0469535681816962,0.9134401355683645,0.08781341418228081,0.7216296706267618,1.4669615623410046,-0.639840570062995,0.34261112495271023,-0.8832651104098238,-0.6077644040572368,1.209852434606089,0.703190669542544,-0.22165077431590757,0.03722649628048175,-0.4680213358212442,-0.002541748740823384
-1.1200483630294529,0.515302277987489,-0.7476471207772708,0.3074358995410928,0.5206378376826953,0.648104186307404,0.14648514108673436,1.3007634788048887,1.4690100803762345,-0.19425960811732237,-1.1358348256369335,0.03945183817745866,0.5383649606488697,-0.5951977404944372,-1.6796238258340064,0.17274251392420928,0.7180381708373117,-0.46157390962161254,0.03934217566592296,-2.625596814573249,-0.43182184654522976,-0.23167337525601805,-1.6141949688609172,0.08066726064873966,0.2277985637378687,-0.1647689299258172,-1.6690415324425698,0.2686677265136689,-0.45541371719528967,0.776954210380899,1.9713001290173287,-0.7023012124683204,0.04365904272243273,0.42883703798201694,0.2794563722128401,-0.41365672999463093,-0.7611016149860804,-0.4536997467345839,-0.06024805082834566,1.5907580110880193,1.014598019558721,1.396382637870461,-1.560444585074699,1.0411504104092566,-0.4717938303760304,0.162647108959236,-0.3158901289389765,0.5643563444057323,0.06790427236989276,0.3878906986979555,-0.34204341624964035,0.3647356871760828,-1.0181510452872953,-1.1168710857462958,0.9431968582475156,-0.49303683883056476,-1.2500543155777755,-0.9507752926387607,-0.8724235136970627,-0.7944653172492553,0.6527505670308152,-0.7980800800608523,-1.6386898095655178,-0.13705147604362908,-1.2013911548993588,0.5740083949525875,-0.1471968291819676,-0.4908538927628771,0.28233614133951385,0.5496935349495078,0.7485954340880908,-0.6897704090058661,0.2247913354113005,0.1418280770986855,0.30937606478074453,-0.374519486076598,1.9956842936687031,0.10367171721042973,1.0402658065936248,0.7683735681975241,1.4486722453697816,-2.6552802666954167,0.6532574077846647,-0.25483124073203256,-0.635068702224546,-2.049152234981253,-0.7117691759062076,-0.5583929268532704,-0.3889174589934179,0.6516453659989035,-1.3042334138937064,-0.4087999926037945,0.43449258860305606,-1.7426827467761352,0.8882025299983167,0.5055062867133453,0.03133166448049744,-0.19077188704245024,1.5417236735932796,-0.23689146298276903,0.6309710071110146,1.3333569219677222,-1.2754953376176668,-0.6020981648434114,-1.1038371046759572,-0.9923744230461514,0.9235632711144651,-0.0864114821601352,-1.0977524476968856,0.04348999085290152,-2.2680317979806492,0.03144779856075497,-0.7969648993958157,-0.019757903548242927,0.0002770598822388578,-0.11216966815641058,-0.36823930529742405,1.7128968206479853,1.2239017202430762,1.7773558818992974,-0.2004979460390239,-0.6919480180494385,0.7261086221985888,-0.081301762401443,0.6687661784594927,1.0490743033582186,1.2307889123156097,-0.775053776288082,-0.7592139436196014,0.8541012999711126,0.9237466197531147,2.1267354762772115,0.6543358533945505,-0.6557836805563997,0.24867755107679854,-1.3540664504646955,-1.4347770015242889,0.29485563658090774,-1.6532113410416895,-0.6169666236782712,-0.9719610555581855,0.2076077788231076,0.6548101362961923,-1.8890499270397851,-0.09309761338403315,0.5446006361210955,-0.7258676315027045,0.9101850582863931,-1.0125955138094982,0.09781984505646493,-0.7668220962945443,-0.23046663320283342,0.668240608014735,-0.3370898085430998,2.387979788956938,-0.8617272929694381,-0.3189793605740857
0.5593315530993133,0.17679453503428785,1.5035662534716432,0.45927838520873965,-0.43316656438646073,0.8644419010488081,1.529241691166444,-0.25523927683160896,0.6927616824357898,0.6906462311556649,0.1761612082825137,0.4894240098123222,0.8925475205611494,-0.12011779205701852,-0.22605750634065416,0.050035120890907024,0.5352192601599296,-1.3310591568390964,-0.17486561898565478,0.9959894005922187,0.04666859247732392,0.8526455798354795,-0.3528096968552968,-1.1723151257698077,-0.7107905384855506,0.23811385230465182,-0.09302800238932125,-0.4449666948648855,0.19315355883745192,1.311207166409959,-0.35262202788930497,1.0508433434418913,-0.6032775452590943,0.3529721801815922,-1.076854920959032,1.1353183531183804,0.31676843423608786,-0.4456195045513255,-0.7560830402415446,1.0791293805936082,1.0522881327185685,0.3810791791515471,-0.2904208924340755,-0.04613059586406841,-0.19149540951733307,1.3359943692979914,-1.1367522149702411,1.5882906659992935,0.7846389895569909,1.517772424175703,0.04387416877658917,0.6693940459266904,-0.9131270374840823,-0.08434462752995614,-0.2255181493795555,0.8916898457582488,0.9257848442347865,0.734796202684888,1.3635012173738608,0.6815454870543632,-1.178266672180239,0.8354616940238196,-1.2385468403876976,-0.6906350966244436,-0.42004720964251463,0.8508043867822312,-1.6799664611038911,0.010781766170063389,0.7554743360354386,-1.1473762867982276,-0.47503853996972906,-0.7805568203295594,-0.8637186851530424,1.0576840671242635,0.08907840361830535,0.18792460904577954,0.9507479899890324,-0.060259971534921915,-0.048072606623178554,-0.5239006678207916,-0.7273709858306865,-0.10534107828242768,0.2175355085689863,1.710069761980895,-0.8382348458796808,-1.3785656985600425,-0.1338890819928096,1.6983390569130752,-0.4053972201812761,-1.755663024591311,0.6962273428428221,-0.7919508879810373,0.5907117237962389,-0.35276477889712615,-0.02024973736367344,-1.4603913393410275,0.6678606768993738,1.1099024635977275,1.035391082117391,1.2486815092418009,-0.568639655830007,-1.665388939283378,0.25863971732082974,-0.5007935984948039,-1.2743295975683184,-0.2520069337498611,0.22134280886861238,0.4485758496387178,-0.55529657731531,-0.800818025871724,0.42660852550116496,-0.7016389014044397,0.7529627292621348,-0.5677694252384405,1.0838563742568839,-0.813176780513216,0.00727201364898048,1.3003932727691425,-0.567566086886464,2.085062530217044,0.18928583185495798,-1.4472136580302422,-0.7536885832673585,0.7361459691622427,-0.4453967295456197,2.222242974108216,-0.41659337512522904,0.5895990883053084,0.25856484949208686,0.49588953490399573,-0.13333218559391047,-0.39503766093363163,0.36354483192118714,-1.7242936932227604,0.5690761938245532,-0.446181721931664,-0.25235900582453974,1.473713197588878,-0.15732036030250018,0.04340727420379862,-0.284603940064511,-0.8074287803101224,1.9325865267613147,0.4953749078338771,-0.9948730445718974,-0.33135453965909306,-0.030633321797854003,0.22523566361215988,-1.2788469713423807,0.5004580905597339,2.8912629220943513,0.5822525840897783,-0.14915219417010414,-0.11284040310563345,-0.7843278528549285,-2.1764116301629963,-0.6250046575979991
0.5819057488791783,1.3239558075952622,1.2182203395185465,0.7602967430124788,-0.6760067016629014,0.6478535611905927,1.480571271165773,-0.9857425329558757,-0.2296669775207266,-0.35178452706389385,0.006139358489057193,0.28353431153385616,2.191988970927567,1.113183680594309,0.6929091250153142,-1.0915460311740133,0.5366893812949898,-0.05233651785780255,-0.559982732377928,-0.4873128108208909,1.0198007012180987,0.19729170358492998,-0.20222605839117927,1.5490981030379771,1.3618789158236442,1.125082538423763,0.6782526439533723,0.1899464432690259,-0.4903718938447305,1.4732776414200595,1.3124565406702178,0.6131796809779713,-1.2589848618623214,-1.638842585795666,-0.2797071559562931,-0.8921528732323889,-1.035843168309154,0.1577562027475308,0.21989986010253604,-0.1668300743830907,1.2962369693201103,0.1883598587660654,1.0022912398986765,-0.2587492668664442,0.7004482106031784,0.5820304988080175,0.6725793963293364,-0.3380162673825126,0.9048968407442582,0.13028709186525747,-0.4605158112680776,-0.23494978711155437,0.09398039470847025,-1.1157801567469672,0.13361507851241253,-0.46935669427328164,-0.33072770233975474,-0.3181354509390049,-1.3134798040916638,1.7425017729682724,-1.9843115612884155,-0.5012912893512508,0.20949191218941515,0.4405947778898844,0.04877622126001103,-0.0890892240227234,-0.6826802735258918,0.7776276472724662,-0.21318693109939998,-0.6188208193255739,-0.15978124439720856,0.44510090363972066,0.8798239518516947,-1.0822237720152623,-0.35741429984031126,-0.9051007138927549,-1.098236211866629,-0.3161517164759551,-2.0855667118560968,-0.24281862683854277,-0.14812931358363524,0.5217797569849117,-1.1976176386418453,0.8900503393792808,-0.12325962534568582,-1.0275542669749573,-0.4409485181249495,-1.1687054102295227,-1.3828023196101797,-1.489181335640931,-1.5904356334278589,1.6542659906859682,-0.38491319026993087,1.663221965009227,-0.7897805621673152,-0.3789148031683417,-0.5678024105046449,1.0298077947131659,1.1883850341856836,0.08592035610115416,1.1831074652593168,-1.030592001059997,1.0278700494315012,-0.20301566827275677,-1.2181741473289476,1.403009033374666,-0.21818621139398517,1.170650560836568,-1.6134816290270626,-1.117793190959027,-0.04016476992949496,0.4349612052834937,0.5100494941316752,-0.5052691983682555,2.151707836579084,1.516882549117587,-0.267186385603233,-0.2853049275769487,2.6951138304446007,1.4359746144826895,-1.1261208676802896,-0.6160944608653247,0.8464514309321146,-0.18069619920917318,-0.6283322846893584,-0.746172769048569,0.7931903356505888,0.4183143975677529,-1.3174482751691448,0.43438595537267666,0.041127824199020745,-0.4848285906877398,-1.3091404394495791,-0.7569167958990699,-1.0012592419247015,-0.4451983337499341,-0.27885919345179677,0.5330230866437586,0.33423011346625536,0.8862703921487575,0.21904587941290296,-0.031066087560737442,-0.41901016779891176,0.7473847486605147,0.8721940051463188,-0.39571933268904197,0.4814015854238839,-0.7162916614821159,-1.0408234348454701,-1.218811130804581,0.03791168816532526,0.7731597203510295,2.100594707789426,1.3718515027403912,-0.6052866227318298,0.21448890075339874,0.018744778621113654
-1.1447622932998525,-1.191281195163812,-1.2242034635416876,-1.1307889302428875,0.18707340690316038,0.002706765963613983,0.35262117336936083,0.652611743355692,0.039695875806558555,-0.7034851018951845,-0.2401404364540722,0.3327377391415545,-0.411764112730575,0.8039673021071728,-0.1591643618151462,-0.31018009219107057,-0.11389895435949714,1.246648528559954,-0.5304612014287002,-0.307231586631289,0.3689892491407984,-0.022826278887773766,-0.4514757785132821,0.11128183606206883,2.036023441835923,0.3684076981115232,2.0941915024517566,-0.4023290882504299,-0.5484253700812521,-0.7470173201900766,-0.46521879953741174,-0.9396270334729119,0.41943497948927044,1.128441290550193,0.6034053004167927,-0.4969673980013319,-0.13633073133320517,1.2096881472673522,0.853487189832968,0.05701696100423126,0.2114474186633878,0.26296757505101187,-1.501039755550322,-2.0492332937094293,1.3194327602451443,-0.6064893524144656,-0.1253253142755172,-1.5781674223597517,1.1346866846013541,0.31590622393245016,-0.6270805786024867,-0.7852220303094025,-1.9984276137748644,-0.5692847128830797,1.2866694100497824,1.1161067870157073,-0.4775372549113563,-0.6937357368182543,1.3871601007817336,-0.38265802622666395,0.22069902290058283,1.4531621768266894,-0.8766487623586936,-0.1624836355224876,-1.6833626526734071,1.5405079631650993,0.3333987808937299,-0.5234092058200012,-0.40768121670745755,-1.2504634615772365,-0.02996137986498551,1.3067279773743539,-0.4594946573871832,-0.1464761748229565,-1.184478908413559,-0.3766208963096523,0.39241727060183335,-1.2662528237810449,-0.6046000138188862,-1.2858019553501092,1.3859990475312698,0.27583636209853674,0.6977086585432745,0.6739769738074279,0.3224982419138196,0.28714034592356547,-0.11345533410534117,-0.767748919874177,0.7522631159821914,0.6379031793770208,-1.9452101437761122,-0.8754935808891601,0.17981568196924344,-0.9300932064263595,0.5615395980800567,-0.7177140737760722,0.9365042129642948,-0.42084723825012366,0.4953251003992139,-0.5555051312132263,0.44424231188355795,0.6022321137555349,0.31837608087514596,-1.180879509005898,0.6441548955562351,0.24568591193365563,0.7631986925562838,-0.05482770429798525,-1.2011049771314146,-0.18952261349817115,-0.21063264591392086,-0.28594216457567806,0.8648080540383644,-1.1844566000416692,2.5093879508132084,0.2702690146159515,1.2834847378980037,0.11431320990847799,1.6187085190055084,-0.21544897936598975,1.433766572977392,0.8480858502425088,1.2254165218439517,0.7754457161449558,-0.6826436194187312,2.01947673925668,-1.0220977862181138,0.4742194167173043,0.7365658518263206,0.74270640533804,0.8203228032322598,0.4906219605621409,0.04920892702401029,-0.7567605740020821,-2.2944787878920696,1.0278821698862133,-1.458938973819603,-0.9633036621536527,0.6290781757921009,1.2084931156916214,1.4155482090929339,-0.016882375917130377,0.885254496680202,-2.8202340792457004,-0.9041138171740655,-0.42523232005820005,1.0578654982968199,-1.9506956793438366,-0.7070365974194484,0.8472517253409013,-1.1332546209364514,0.23664146455719165,0.6917358172162315,-2.096021275401917,-0.8684866394405275,-0.014585475655584369,0.9010403023024903
1.2744177482354067,0.2990357979759374,-1.2607120445906534,0.9618105830441468,1.0645808670806882,-0.7043497131242882,-0.5794012764786179,-0.18346222276440252,-0.4495653390021998,1.0376858482510898,0.14424931105067162,-0.3066699852667071,-0.7028634572856629,0.09086716566543285,0.619129356837369,2.0969766877302387,-0.06928331373078557,-1.7817626744407293,1.4739911251808464,-0.8565748861192227,0.109891714217779,1.9677050406119103,1.7806484347935163,1.019806367583124,-0.14438808007321713,0.7891703599524984,-0.03119862367949732,-0.5754513382654342,-0.46134673359501055,0.18673951096021366,1.5989875048934492,-0.2974348952453607,-0.02441791885737776,0.3300174391012389,-0.8092416285813872,-1.3945680127226725,-0.3728714309354348,0.41243763235994774,0.6693363820133581,0.046576879035923946,0.09023988932469526,3.0436890208466996,0.46389954591320637,-1.1187695231614194,0.31391948172604295,-0.7582987810008095,1.4773016231320257,-0.2059498478752698,1.539063783635731,0.17328244263196296,-0.21334158223437938,1.374517625255195,1.5832686613070364,1.4490083372487363,0.07101494323643058,1.3044190261014692,-0.8247632594003356,-0.02880307245556067,0.27180696865383,-1.352458698391442,0.07552274194169746,-0.5990595536970608,0.005712184332471182,0.00463368634882823,0.5237800585237634,-0.11667094498567714,1.607792762091761,0.3558231367509892,-1.3438491641314496,-0.37389268064392067,-1.8933819859238132,0.09578191290238483,0.03352850995209537,0.46151917467652953,-1.0372255340665428,1.0865832070004797,-1.2331224459170518,-0.6083293710600135,0.07278794506538595,1.1379615449134381,-0.2713773587030215,-0.0971743233498066,1.274146757826381,0.40074246340000064,-0.6725529975222723,0.9929818490982318,-0.41381989054876905,0.3848674115439779,-0.7256879117615264,-0.7978067051260195,-0.7444043850120002,1.42333124178597,-0.03383894488953728,-0.0798249322863467,0.35967778421736674,0.33591656661994707,-0.051885108902388004,-1.2478414726779392,0.5630259207566864,0.10019192839720116,0.6315192389283142,-0.17832747633549087,0.8735350026051902,-0.2903613916624035,0.41285962732399223,0.014430025693118052,-0.5148726025512562,0.13237839554500525,-0.3671302366620047,-1.209379796416683,0.16361610113345582,0.8629630267952397,-0.9780002947500918,-0.7695752456641208,0.5749465076553537,0.8471138835366235,-0.13378116536821713,0.9303258913307076,0.2875589422176327,-0.2803260682062467,-1.8115220195563397,-1.381892320654814,-0.9457761965330795,-0.6514028843272266,0.2224950175585683,0.028000090634749557,-0.41119205273432646,-0.041831740887755604,-0.17243449146527673,0.031590682777816036,-1.3253191661982584,1.3475959017275483,-0.19537440989554292,-0.3831339555816334,-0.3818659524492293,0.423750010832261,0.7781495486112302,0.15967125461725884,1.0002632375496538,-0.47710793656463013,0.2713164715458965,1.6955295501960714,0.45990922070684154,-0.4177388234586867,0.7137552101100407,-1.2180387540288695,-0.01698477673329293,0.5795139898531914,-1.1402421719879188,0.19119510675420257,-0.11518075463815121,0.8726466623584234,-0.5445904837612111,0.2347896012708002,1.2839084377112033,0.413975864493212,-0.3710840221635026
