0.796991734544963,0.17727027631911504,1.2056172556617308,-0.23082753069266632,-1.2113113860348703,-1.1923398225263275,0.6501230605989236,1.488784631245935,0.6306073934933276,-0.4698577560381584,0.12233738084036917,-2.1565773918703366,-0.056433035023004174,-0.6945157214716193,-0.7794424959607256,-0.44321353369653643,0.259160531913633,-0.5448277183877098,-0.3406076422179404,0.5125355106643638
0.6261573837600534,0.7811186969739442,0.12449877496558912,-2.033485941975432,0.8465576106831016,-1.821371809832493,-1.4636836870252967,1.7146649540114633,0.5645488242005587,-0.9669790719473224,0.39998406167896805,-0.04548205206343409,1.5060164681325565,0.10663396111558403,1.1839607922152053,0.03192816246164393,-0.11521251661853751,0.8932411830948067,-0.43381491600537475,-0.3257125048189839
-0.38192933354579567,-0.19441246471303006,-0.5279670777185826,-2.5424440999193325,-0.3110387769046952,1.6111369882181892,-1.1065725239104476,-0.1270293564871568,-0.17527920792126656,-0.3652011632224956,1.7646290409357146,0.17851703182370382,1.2278483635580262,1.3968909215145033,0.7074783355607215,1.4421310915950718,-0.027801738063028474,0.17157001718109174,0.27561964050963345,0.24909571513772671
-0.06598125897481864,0.7838491978212312,2.361810181355856,1.179408244472509,-0.5792729159870189,-1.2627844088774338,0.957243315546486,-0.5449623012353938,0.22955507393423802,-0.24264215497569885,0.2176310942720498,0.629187655460275,-0.837769906567823,1.5820684643292091,1.4246949600245178,-0.4270684969571957,-1.1216847631115268,-0.19750296070411902,-0.5780788974770035,0.43084512374534467
-0.7185364011722766,1.2226843249081343,0.04229861769919333,0.3680121898544152,-0.4117722624188275,-1.5119104720930274,-0.9619262519669171,-0.34657976087148656,1.0466430075054853,-0.21739942762706563,0.7258139056976217,0.0985531808951838,0.9354312182639434,-0.29913651154846205,0.43472233791715303,0.11314101336465393,1.0065653786533917,1.428840294587898,-0.7557870081122909,1.7955633328635803
-0.7142080786008304,0.7254898687052737,-0.14729455258045132,-0.5668064992621002,-1.2561024014364266,-0.32489841758632854,0.283861945679245,0.08209168880009779,0.45046676857072315,-0.7682809935448304,0.7721487904895868,1.2157608215123346,-1.8338309524815661,0.5049210305233659,-1.9270366965783694,0.38568644827740456,-2.7870761040023933,1.4353413539456645,1.3409939161117437,1.9124092863393962
-0.26708103722579063,-0.9680238714818313,-1.264819960768542,1.4078834744572097,-0.8644403159452668,0.42267495149219547,-1.6465401957147767,-1.4143170593191547,0.9407801807749068,-0.15011741101666995,1.3362929809526587,-0.24117196988430176,-1.5181534873626412,1.1282433120403859,0.04948225038615137,-0.8746643597069489,-0.0988226755821084,0.8599361365681405,0.34563463350038237,0.6730959710392409
1.3546527867565927,0.01722003453398823,-0.9870653624427483,0.29044746887653017,-0.7086185795542381,-1.582753335025466,0.23990873243445202,-1.4545881006343444,0.5524084181680635,-0.5187256718375687,0.40576734967553674,-1.8600866722785403,-0.2532407151622474,0.6909999741821224,-0.8970609679307178,-1.6193703704711258,1.4996110314444184,0.41254144837584966,-0.13409901963097867,0.36892262835966366
0.4475472288179529,0.9649947473592648,0.689195899768435,-0.9305955012465649,0.8387388690394649,-1.3281792004033903,-0.28260382383606886,0.9322541051899026,-0.5972446899399693,0.9965027387659825,-1.5038245029240493,0.7166429574407961,-1.7172190336586979,1.0901076155740401,1.150657936589969,0.491483088144287,-0.3783002272131828,1.354106707804841,1.2796127756361129,1.0083971739328317
-0.4056925805095772,2.095713334809886,-0.8672491885983609,0.4539619970710819,-1.1808037567824754,-1.6636949579334281,1.016206908798311,-1.0481095659910489,-0.24439493250463104,0.9660165028032343,0.7557225881953702,-1.1489633200138643,-0.34177598579382695,0.27427873469236996,0.4217664923951747,-0.1809280742916491,0.038526173545082504,-0.23307317683555331,-1.0289147382655737,-0.5937758463274904
-0.05548005859163066,-0.9283461011042204,-0.009570410731188311,-1.044553539115629,2.0070333135499583,-2.29074487250223,-1.2152851161439824,-0.4225947599920031,1.0155607944435345,-1.4384401427857416,0.5510711198125008,-0.5234288366275884,1.2686660310566686,-0.8482230172450036,-0.03278296072801483,-0.680136542414252,-0.15083946406167634,1.1229131134030101,-0.46130806687039555,0.3321157455688346
-0.11525079750018556,-0.9575251215840072,0.34458668668238657,-1.636131327101809,-0.5815213161080729,0.21455590734549707,0.015504173545783359,-1.7372957613292541,1.0610036812930461,0.9737467450603432,-0.3479296367916676,-0.9845342623083732,0.32499734094469007,-0.09947171101171577,0.6883488011970335,2.4438552544337497,0.18587333017746538,0.914030752943694,1.3589190276275966,1.353660977448182
0.3466903968530258,1.1699871189370468,-0.41088172197051676,-0.48319381914910864,-0.1292029700975546,0.7932806423431825,0.08087924762705226,1.0407201410558298,0.4482544141855259,-0.33846371094996514,-0.3396728595570738,0.6412735238783164,0.6343314208380113,0.2896632497145136,-0.6052344019747976,-0.18638610133889358,0.24144276295791653,1.2955609838672313,-1.3687033806538829,-1.5560150506272965
0.277625057512927,-1.0415308174865956,-0.4372560439052912,0.9558984705632438,0.07160569349468061,0.23793172704788,-0.26452474590639785,-1.0306635451446082,0.5473919617026869,1.4349437819246456,1.6956610150624407,0.15885739643229724,-0.9169943627300972,-1.177295516387244,1.0643054390803348,-0.48468050992248046,1.4598402561824049,0.26874082887950107,-1.5362272238762518,-0.05130113711445654
-0.14582403955932763,1.380306917054306,-0.6690659081933764,-0.11079751198453963,-0.3380846242860997,-1.9775525531272486,-0.5197448122004542,-0.054507352250246124,0.314033302938735,0.9304833372767963,0.40703819140853015,0.6776010350704867,-0.6054520451815296,-0.31728051845873373,0.30520746772064306,-1.3020108094042158,0.5713714500321854,-1.0767127156524166,-0.9885642036586866,-1.2119756939605097
1.2600675256735467,-0.5685909278927447,1.184235267943526,0.7027008389950458,-0.5702072007471959,-0.38016147791895993,-1.0473949339550777,0.1784819721155269,-0.6429364599061319,0.8235837249446011,0.37847229707816965,0.5743309760998272,1.5091492061349934,0.7459993314267683,0.7565872112270884,-0.2307616891040231,0.52839218795221,-0.9633352725759678,-0.6484701924122077,-0.12331995060155299
-2.45900257850438,-0.8574772776407557,0.011163107554299665,1.7634028095874592,-0.5617394849739362,1.1088707573088448,0.31565780358095,1.4338179627313117,0.7581903042192948,0.030837242898984676,-0.1345120580397056,2.458305944230509,-0.12366056953094118,0.7773863373811251,0.08302530689385927,0.035588384622642,-1.5525261833880981,-1.7327611867446393,-1.299430532095897,0.099428409450935
0.7480868047238305,-0.07525862681487151,0.35999456183163425,0.344588415518687,0.8221685049662718,0.00899226405456056,1.5634403558172825,1.1932798484585752,-0.9710990477083601,0.7596702466524938,-0.5554522477038224,-0.40333944581660747,0.9898401417984932,0.4014057450865846,0.10519612782978828,-0.12752816154696217,0.34004736538001423,-1.6688536255362811,0.8262203780663361,-0.7449447271301762
1.1564404239608161,0.609593161178505,0.24308031480020617,1.4555851002057152,-0.9370619114900467,0.020590968428575374,-0.4245641032820165,0.2204553010417666,0.060403564371470396,-1.031979049204879,0.29216492384335874,-1.5863693141576802,-0.18034172737280776,-1.6875415543237842,-0.8421198778141527,-0.12191754363126112,1.3983159404596779,0.6951797172467268,-1.1680131081334615,-0.8062821491439394
-0.3608108441300508,0.04875833771445153,-0.40009347679744267,-0.12335324494728127,0.41673283090886,-1.1745403173624296,0.23016005795244412,1.0938247398587295,0.05518993607115453,2.3446070590290153,-0.9831611729477368,-1.204641606654215,0.6638497548851402,-0.6498711365951614,-0.15625895371488216,-0.14789259987397937,0.6876476246258196,1.3944431293879602,-0.36764475566739974,2.0655308891482664
-0.30955863038671655,0.3563201312442716,1.5235191367003729,-0.7944039440793402,-1.0123568834583285,-1.4801975912585683,0.2988010763193526,0.6893449696505759,0.03337973662944706,-0.8449409015629769,0.44732089353860216,0.431628261085198,1.0624560881990461,-0.6748659348889169,0.23156195216722175,-1.1584143223703962,-1.1108122816798087,-0.6733439127390193,-0.26187468585855295,-0.781667733945783
-0.34376446634711605,1.2191412591881512,0.20934228341699718,-1.3218565143098877,-1.2833009029769304,0.2372443259854669,-3.803843935321247,1.8436060653506787,-1.9767387741456697,-0.823070935706771,0.19133991216745763,0.3970827103890015,1.0773182410537385,-0.8303428976706785,0.9431631975821704,-0.45572127501878096,-1.2721329383509798,-0.38528724217042587,1.0647858026138632,-0.5994601453194591
-1.1738249377618626,1.0102153934823317,-0.30970614688134973,-0.42163354196937386,-0.7165225868787893,0.38491591182218304,-1.8344818401911014,-0.26277586271003933,-0.1126729945804067,-1.9425816389938202,0.1399062019466318,0.8827636402221993,-0.13500646709344877,-1.4411735480524992,-0.6080666076653376,0.5261428879225043,-0.8372161303647477,1.5350983452424518,-1.287110571982851,3.062228899386219
-0.8561309293481378,-0.798771309297499,1.307858579119349,-0.1839375049223126,-0.036718542628936444,0.44110486178733027,-0.6472042588524172,-1.5936494840942996,-0.9281117536113841,-0.18665972939785733,0.334424235078079,-0.3146049740233264,1.3095820364476012,-0.6564183612282772,0.5247894376599842,0.4194500217385094,0.24907042730949364,1.12340099805903,-0.10275970252483571,1.2982999762118934
0.3919722571789368,0.4029605458127222,-0.182806119015865,-0.06876212785330278,1.065033809881495,0.2002238599996975,1.5378120912426176,-0.06055148849458227,-0.11827422742054863,2.0073474318097233,-0.43546971167786047,-1.070896044908939,0.8002224648270372,0.5100132787383104,0.40198120832181905,1.4839008722431666,0.25770730251105783,-1.0989345784834508,1.0540849656291666,-0.46892429308489003
-0.5287819903883952,-1.1551830111200954,-0.17405271821978777,-0.42085179931470496,0.05478815572205013,0.36864093936296605,-0.48488253718548435,0.6403938348964731,0.17314723360466766,-0.2698897548090469,1.6701890355236613,-1.260355919842685,-0.9868736250263263,-1.7976121557187879,1.7573680687593347,-1.7947272723494512,0.4898846484072527,0.08813170602256645,-0.9888252821112741,-0.38571785407522846
0.3158978063984956,-0.8778981370416724,-0.13929865358525217,1.8029480401027518,-0.4482221521888561,-1.276385007119801,-0.483552163022323,-1.1395630563988899,0.848243470966106,-0.7705306027756204,0.5541080191768745,-0.49899079077373776,1.3711501142685163,-1.540112472777934,0.19130373333382816,0.8207323392057994,0.6074141541502519,-0.9660204173819567,-0.0744805138072105,0.7973258053323167
-1.2698543303801855,-0.03876157946312809,-0.5107277573003473,0.3464924735589186,-0.8779170118290028,-0.8775010499231084,-0.8387424531714356,-2.022704493191331,-1.8596780096354324,0.7056428732118012,1.6980628049020057,1.256265852749183,-1.124866368340899,-0.858542563742444,-0.8380554088681079,0.3170182738473275,0.3923678010076467,0.5841933031540366,-0.3285995115423148,1.9574986853658731
1.5515870094048205,0.28766251501384815,0.8094013269729247,0.10605745935641604,0.5002128229784645,1.2563406497439797,-0.47030412927800436,-0.005844542726406959,0.1787495757300373,-0.41712507767078655,-1.335565037610121,-0.20408191964559283,1.9839484246307748,-0.8176666722134104,-0.1682223978208286,-0.5653257589166447,0.17531479324351246,-0.24377431319983722,1.8028493418417586,-0.13339849072219045
0.7361200106095348,0.2365274077907907,-1.370595712739632,0.07273933253858371,-0.4842227176095132,0.07269779941284081,-0.6702865324821023,-1.4121019880079624,0.6250928088934471,0.5622529900917759,-0.5254480173222759,-0.20554046375226162,-0.14364470680904107,-2.0717529787963405,-1.2228231415746509,-1.4566434382783087,0.3703144382744704,-1.194764399134891,1.4389474153254758,-1.3597089736225
1.6502705827996231,-0.8023235046039733,-2.0411729127897025,-1.6278141492421778,-3.6536745514647095,-1.709598991715225,0.3433141699139255,1.4839250992886444,-0.3123127892491242,0.5773803299875452,-0.5198470035293805,-0.39581825813003496,0.42954933985762456,-0.8744673957764878,0.3481108942357494,1.7990162629581465,2.5185605860925167,-0.8525688054520952,1.2819332538703838,0.7632389873061259
0.46606451583142783,-1.1668732569359632,1.2088654036223079,0.5235014449793167,-1.709668044400208,0.37498829487345603,-0.8634750451585798,0.8205339654319111,1.213070574185599,-0.39855955831349826,1.6780166728028152,-0.08960140486869483,1.351496770826839,1.4530998208729236,0.9129585014144005,0.30370387163672896,1.0601076713400346,-0.8301029167869521,-0.12172740493453076,1.0379296507022282
0.9140859402480421,-0.4957228503651842,0.7103117232935793,0.7826649095502555,0.2021890465231089,-1.0147086097963893,0.026265571194934376,-0.8409890513220492,-1.2969814071851034,0.2645966962703843,-0.6648765171169405,1.1423343026917554,0.5071636596165168,2.003386444325301,-0.06980562304250824,0.35118371558391676,1.7518135180711931,0.6682281624013997,1.3102526010288054,-0.23372794817614967
-1.145036272687576,0.23923181038617541,0.6597175183143251,1.874563493255475,-2.566342706303759,0.9516286970714717,0.8408406812485677,0.40502606006909275,0.26098332375033534,0.09775099303332888,0.16854705800292097,0.04815727609018596,1.0296129668095864,-1.0387234504246081,-1.7515290325044761,-0.0587946041507728,-0.6645827012469869,-0.8510258110873875,-0.6553162405364983,0.23915734912571657
-0.4775572169502765,-0.4552330063278487,-0.8963524671435213,0.6952889315580374,0.6316533380787922,-0.5883410609820661,-0.4844877931413775,0.16453719694414023,0.7567775244316892,0.7448780303980718,-0.4105363869276419,0.42685564124154096,0.30654407316273474,1.0901561800939368,-0.8904036065357398,0.7467730469774497,-0.5895996289072876,0.8170698607193752,0.3592419807096028,0.12010552636488009
-1.048501448155887,0.0915826481050242,-0.8661840964302722,2.7453657659059627,-0.43564579588565905,0.1070548258387664,-0.012961298882100226,0.9656342093518815,0.8202151156531796,2.3341812646638695,-1.4683115103973194,1.092136864816209,-0.7453332220594118,-1.0223059336914317,0.3934520652127738,-0.7479224998209265,-0.30286033611710755,-0.7041811038011188,-0.12956206602871562,-0.2941829614965103
0.4088645846204648,0.053163521917016655,0.5292346148450223,-0.9989753426055801,0.3517786940281192,-0.4166080295924693,-0.3753250221533625,0.160780714755919,0.645114545844981,-0.7580094141501497,0.17726560103030164,0.9190457418301132,0.4751209231041455,-0.23593363190866848,1.792883415064698,-1.113535683536211,-1.9237634253912823,-0.444414079153853,-1.0948176064193835,1.1592367523922167
0.7397226838677776,1.3149167138061855,-0.42434699882226135,0.5731315581556968,-0.4630202032275721,0.20275986087233627,-1.5155080148549722,-0.15139838132904482,1.0693001550980648,-1.6657048810969894,0.6843807985753049,-1.0471523623083387,-1.04585553497934,0.6025983744994585,-0.5354210196513239,0.9789032753612,-1.0859261879226838,0.5658561466389973,0.40829665636618356,0.6482353992053406
0.04709803789088778,0.6185797272791907,0.8250531366740746,1.1692692748528308,-1.8267758885101302,1.9882989659425212,2.525738893459029,0.2731897083618524,-0.3985618978695205,-0.11800191558661692,-0.024281250982397303,0.4058517964093131,-0.21780693618597413,-0.9835227793215959,1.2729422702252173,-0.45755642101389676,0.3862158284310485,0.2909800716666906,0.48245085715324093,0.10638988367114072
-0.7096833681241469,-0.5486097840422279,-1.462438905820143,0.8277422803469303,0.5861550857122336,0.9102904308707404,1.191062248536627,0.34588980202612124,-0.7461205031994735,0.37799928168498986,-0.11136313461093292,-0.17237482921699765,-0.6269691807309338,-0.09576231594443484,-0.8257560276606337,-0.11602278025076536,0.08362006988487906,-0.5986906963938606,0.44114907297663175,-0.765860877730267
-1.6495989529999748,1.9765938405318653,0.7915328033721742,-0.5677532701859617,0.4874002259839326,0.23657965852452814,1.7989498212884205,0.6880210620159176,0.7062579993441616,0.4317674975085982,0.8700062317805968,-0.7350024713901846,0.7382416991978004,-0.9166769168173543,-1.9738895269889185,1.3344832521598127,-0.20494937809716676,0.0740870595274516,0.9384909432829397,-0.4879667299740937
1.5055387929428667,-1.0281133845595862,-0.08606523071698144,-1.1588383553817936,-0.3020844352683,0.24257921416503755,1.5659028861708968,0.3382766024510218,0.5032471090587373,0.1858004872021802,-0.3689413430734785,0.5079761064027761,-1.7242757228140075,-0.10622663312306119,-0.35922435462424274,0.40187669834289985,-0.12420610777327344,0.21473294986849553,0.07081704841039384,-0.22233279067778627
0.6831268994622716,-0.07921583494630223,0.5228318600623606,0.6528019127002149,0.054764180879828206,0.3100883365860857,0.26930421833744295,0.7514017094881611,0.6512140254833758,1.4748754376812867,-0.8531203335243847,-0.06181216373481478,-1.199981847413681,0.40039726365088574,-2.1540296681151125,-0.8340648043671974,-1.4846713870750838,0.04708236684133689,1.218110491221024,2.0712722034224442
1.0000533805242788,-0.24702567480425625,0.16346358437171782,-0.1507284918796174,1.2070052313467732,-0.6922001538444588,0.5586246077034122,-0.260708496953772,0.6737606202388489,-0.46373708765608945,0.777291365386084,-0.6838938972035711,-1.242408962823908,0.1524832008505972,-0.516251121852789,-1.0328813327046291,0.4544251616979235,-0.03847185376437754,0.12284713904050806,0.9373936522123831
0.4935306662045589,0.4666469717868403,-0.48983798636559267,0.7954516377386976,-1.4345656511190492,-0.8399538781374499,0.04867330370196444,0.24646277809235567,-0.2842322330864455,-0.8990863506042504,0.7838622982805422,-0.5629695002156393,0.1816159006995319,-0.46722613871519,-0.21013150720967197,2.3048425744820467,0.7741497263570162,1.082998258934863,0.9639031688954592,0.2878562982536537
0.2641810416580245,1.573945848375758,-1.838174820947067,-0.20751395531762756,1.404764031199378,-0.03730027239372884,0.654416263997852,0.12785400837142544,-0.9701699751448182,-0.05683149985027168,-0.3080377919812453,-0.661386017320593,0.4041159664375147,-1.0609721903853913,0.1757849633367352,1.4664664104633118,0.5642616279474113,1.1903657746808376,0.1780722902782945,0.17681429401387433
-0.9356527039803272,-1.0288544993728812,-1.0591863111422173,-1.0096837580463927,0.5119654623847656,-0.05345454130252488,-0.6426145380775041,-0.8329458902617889,0.3352307293168295,-0.05399866688467428,-1.0460413626722547,-0.18751185916921553,-0.5768613315287534,0.17834169070566996,-0.5174638828686654,0.16649487748921277,-0.43575526124352737,1.4560515883521394,-2.3033348889592253,-0.6153663120077567
-1.726008687551583,1.0713163035423419,0.05099121378155648,-0.7010932413487232,-0.9388630527100051,0.25732587078933233,-0.0024282210230086006,-1.094256963999869,2.0499193373674784,0.5411401064053988,0.4988269075889203,0.9450778789982698,-0.17403517323944936,-0.7378739428742228,-0.5927567536999059,0.9437184704282277,0.8650522973892486,0.9897834569301206,-0.9193741353180672,-1.9005661615586882
0.2724546257324601,-0.7668609685990135,1.4791246168577499,1.5749119378416796,0.47207352710039263,1.43892217116636,0.18778806203212442,0.48397065485160184,-1.033448531471593,-1.204919966616465,1.5990808630321764,1.7789805960119716,0.7238342884166726,-0.3943865237831475,2.409197818953378,1.2803755564793091,-0.042248665384857366,-0.9593205867371319,-0.9062283239482587,0.8682123085860377
1.464265226189202,-0.341079308073162,-0.13290828666048066,-0.8597639294008816,-1.1257826854519022,0.38270807436967574,1.680120872123101,0.5923355249540442,0.8406521946623563,0.4388224482173095,0.733695692497551,-0.2852583359968658,-0.1300939068036292,1.5472924446510115,0.3412010393676086,-0.6537492493686594,-0.4127203413418436,0.1521895392051028,-0.5348688287691267,-0.5814747656497207
0.28850380866746617,-1.063655841451119,0.8628138063652439,0.1856424082633529,0.052764702640981605,-1.3203759778946123,0.4548990895346442,-0.0508358945682295,0.21306646897752704,0.9377671054657835,-0.26959746209022034,1.7423346701858697,-0.4069004456049901,-0.7920211999068447,0.7177489911525144,-0.4098796687919979,-0.48924455431462505,1.7080423108141913,-0.2890710469355928,0.8819221090682975
-1.228918210050057,-1.008669349778657,-0.6071783233407675,-1.7883241607735478,-1.5852791793102192,0.7391958193388329,-0.8375960441509858,0.44660165145703173,0.30525389695449123,1.201803441035022,-0.412787820166792,0.17405258358335376,0.7340950256763009,-0.43219149739656865,0.05488064769165438,0.7946370851075044,-0.1265926124437389,-0.5008436379927057,0.3261103354559244,0.3069662006289084
0.7260754989142287,0.04538895330335004,-1.6112690990324343,1.154935551155965,-0.19082775993347276,-0.0013105023307702405,-0.09955432958786363,0.5825740298679692,0.0003928315249581762,-0.21925680960828964,-2.1501780697762434,0.8084998349840306,-0.31046265809738066,0.5753549771261707,0.27655439514564173,-0.41340183853079354,0.44585563691781116,0.9658837385337736,-1.0369622913099381,0.13470805142899492
-0.11486826965840753,0.1172614665486208,-0.6078306276571698,0.4263049513042745,-0.3055533434042361,-1.157071822283327,-0.31669943069510104,0.6580580547408185,-0.2105646121199709,1.548269571769308,-0.5510260897437652,-0.16435212293766555,0.8220288272871528,-1.076119927854946,0.2599940769765843,-0.7460266005078087,0.5792446296985199,-1.3567045612075002,-0.8744389518987309,1.0403871357148595
-0.822131465766681,0.8120905198670593,0.3512002551410208,-0.06547406347441931,-0.33277674059418727,0.07042973893743322,-0.6057890006835943,-0.2013922425833449,0.13711517699340187,-0.6548619978002017,1.4940871763679402,0.7320882166206019,-0.2648265362854484,0.8755212030571982,0.437587188934842,0.2775379911200123,0.19835455254659035,-0.6182580513972634,-0.43935404619237967,-1.4265791626315807
0.4146404806227055,-0.7560624734025919,0.9036132450918054,-0.8421700473662584,-1.7645438528375015,0.014419251169728512,0.05545085276193333,1.611335084202424,-0.8666235368163979,-0.3149079009959162,0.058174399669752075,0.6502538461451906,0.09465752241559437,-0.0002822313160143468,-0.36218483188637446,-0.01963283412138887,-0.8492566820775297,0.5605697963554989,0.019535694918679947,-1.176727006429319
0.14509369935043956,1.32689297530143,0.4129699650861282,0.4719959061767579,-1.2828526057163088,-1.2405116574342332,-0.5503405397609512,-0.8629910687035879,-0.7258725368368463,-1.1390797498800347,0.5244861189347738,-2.0552675452275198,1.9930203399433932,-0.14395708993230333,0.2955510208224666,0.27360107276597684,-1.2800364116051635,0.12943224480029636,-0.5802286166259244,-0.4135268025456503
-0.4048908135870599,-0.06252256014948282,0.33938305015973463,-0.04544447970458836,0.0348057363761598,0.0916007530408166,0.1258834833400225,0.5099655076830766,-0.19745071383148233,-0.6094608493597314,1.8233103082349846,0.3667516542891808,-0.7264926283381155,-0.394280481604025,-0.30463046416084494,1.2162885009695101,1.3246011012028875,1.0796744029887992,1.4438475042323375,0.9616201610139696
-0.4910570388564154,-1.6482945074227222,-1.2087850006614038,0.3717377777020295,-1.0987899541735249,-1.4546543751403092,-0.29743502484411627,-0.43189482261947804,0.8876863032913571,0.8927390944744928,-0.24081775536317093,-0.3579597089354537,-1.0313191412999827,0.01364489551863704,-1.0691400241057119,0.25066782097056367,1.4867410885946915,0.4463410888188114,-0.35764574157561513,0.16905084730400177
1.434481524184055,0.9648688411830577,-0.535970864559691,0.6248563983803788,-0.7172043451613,0.9596362831228835,0.9173186166229262,0.202132803487385,0.0765406182956354,-0.5752870929749321,0.5701778866325939,-0.2633869520984431,-0.5589572586839571,0.6577417374271595,1.467275678919112,-1.4337902809274634,-0.025299297705826992,0.12917463556142253,-2.1821189087735315,0.37630609403597937
-1.0067259612072514,0.6877434271558437,0.24887401107068474,-0.5602469900102562,0.8477298191001493,-0.6393531030225733,0.35200031770927825,0.33931735507130156,0.5871700007037549,-0.33711829442305663,0.49722820868276435,-0.9457809279410806,-0.445246041378273,-0.10399821125139018,-0.5842866866000753,-1.0530518910463735,0.21042509909193793,-0.17225639863591916,-1.3020372161915723,1.8643353356687198
0.9529589099433485,1.020098514545938,-1.9818570941543208,0.6953243352359668,-0.2863316612303381,0.9142145597080726,-1.1818950337774592,0.7383018279073812,-1.7026166714329394,0.33009555151889053,0.6632436503532738,-0.7775347256277324,1.015260765005964,-0.12458924710053883,-0.1691001573730393,0.24908837083749918,-0.5789609878880911,0.7468679387163624,0.20112914228291992,-0.5389138929692356
-0.7332667684776494,0.563101759285793,0.17183440154334143,-1.7363175502787043,0.04471915704171482,1.034626747886559,1.176252242780437,0.597933831022984,1.4701793947447332,-0.847977150485105,-0.2378566710087324,2.017195118698506,-1.0486564242170024,-1.3673611084850508,1.6169180926529703,0.393312107481319,-1.2591546303868288,-0.637727861370945,1.1493479217556928,-0.5057604269108544
-0.31900890041146873,-1.417622890503273,-0.13599243465700722,-0.695082268651021,0.8784762541096823,1.3080404503256526,-0.12216918671997427,-0.09283669473828882,0.746009018489485,0.6936260781257945,-0.9104157011138592,-0.5196290073152886,-1.1779273605473792,-0.8907674185712712,-1.8183762218729556,-0.6888566692812694,0.3492586945936869,-1.0877525731290203,-0.9689811933982752,0.6860300714004829
-0.3321525786806535,-0.20258380111463475,-0.11371820196036601,0.44757543269521227,-0.54086228465118,-0.8231846226109397,1.2287024177947798,-0.6495787171891654,1.4629698281706853,0.4505587363651387,0.07477854400093543,0.231275818555592,0.8369952277898204,-0.32345841746545917,0.7331646734475035,0.43558256699029785,0.7449250188479252,1.222699035871475,0.13792892140084523,-1.1141959521176847
-0.14906336243276166,-0.16383241276403232,-0.25728546000100405,-0.14973558643079618,1.6259687553461082,-0.8642578793010954,-1.6706507339810144,-0.2445373375178859,-0.28212354550236135,0.8736585239084635,-1.2400685303877184,0.4937930162583156,-0.375654887010686,2.3528012516906958,0.9885707923746623,-0.06686542443584943,1.1189350435305843,-0.046376778239208834,-0.7771328549721094,0.8593389966484668
-0.6705274145925838,0.6284644784270953,0.6187980024804192,-0.3750711311947612,-0.19933444738528922,-1.1860234787935797,-0.478414615516083,0.005835286827000383,0.49252042206807883,-0.836528172603782,-0.4906131667554693,1.5600234700793096,1.225770511257023,-1.406141491476357,1.2249337962629503,0.1902251200658055,1.208725083939312,-1.7205537956168941,1.6170966717606534,1.4734979361057579
0.35365149716959,-1.853456805266636,0.6353132165884997,-0.18186940944660543,-1.3032443318474765,1.2316664964512745,0.6718784794415162,1.1289352408225382,0.4696537204165873,-0.10227636232223851,-1.0787502198225642,-0.2500857291743444,-0.9931709964899439,1.3282415120048379,0.5065582987276497,-1.298840210920463,-1.236480837665796,-0.33589451752099236,1.4161843651303896,-0.8590063195511551
-0.5954113255971861,0.7177017382817722,-0.1857187301984015,0.3055243137756204,-0.2435404455996765,0.8346835091706144,0.6698655763844584,1.7197560915715586,-0.28526373808559935,-0.6341251655509389,0.5858493037697401,0.5859415271834387,0.6639146978936806,-1.1609862395095898,-0.20284127698536253,0.21494799388084498,-0.18477964760285376,-0.6590184956251638,-0.5489328451221567,1.1508716510794303
0.6923099457865347,-0.3925527412065466,-0.7609731669903114,-0.08262102297054687,2.2645060853779473,-0.07618955750365002,1.01929323180571,-0.3974763357658138,0.29181217950072363,-0.21397733668760063,0.3742765418016555,-0.2485387673373097,-1.1908485788635828,1.117852645793704,-1.1442859228380629,0.17896366296055163,-0.9102398859859061,0.6990510697087533,0.22210406995531615,-0.28483543420854723
-1.632487155536437,0.9903783271770116,0.5532540960790655,-0.17723052288953509,-0.7833121596509273,0.8065169074864048,-0.9399820860173388,-0.19463795070972573,-0.6199058222102961,0.4069271465759439,0.34523995626642107,-0.827427503786177,0.3391151202982692,-1.2744255219658118,-0.06646836796658721,0.2058681396929411,-0.11740229458365457,0.45876787205980957,-1.2434542749173432,-0.6019905419601704
0.7880459008722198,-1.1952335674533674,0.12286816784442695,-1.5129374634708328,0.21237290994809616,0.7290477123963502,0.39795837483677493,-0.21417026977822679,1.619695046092871,0.7453574694613629,-0.6436512128853584,0.6219305792232815,-1.0351481150487603,1.668754295993751,-0.7447353407093996,-0.25079050448492585,1.4079732369260205,-0.5313848008483593,-0.7994079879894069,-0.938295672878319
0.006366394473621403,-0.715427655542091,0.9436541057315567,0.024274180953158354,-0.45983795263629995,-0.3031094671998317,-0.11360393142746705,-0.2386985839365941,0.4791249211955816,-0.9535787131666763,0.9547102266641159,1.7019609586772662,-1.4311592811749791,-0.935886852655895,2.3331631634591843,0.4781588637327966,0.5233540011854653,0.20213861375162215,-0.6786429693465857,-1.701848331769023
-0.7116631626897452,0.42911833745289624,0.7071698924545764,-0.5887947631324516,-0.3592414990263985,0.3143906093087297,-0.8894590065508013,0.029864885561762745,-0.5364766623127897,1.357792140096754,0.7048617751952685,0.3646005933248312,1.138694435283113,-0.6716386904433373,0.0046855959120182845,-0.7959891328999936,1.2873744965795897,-0.16712722784435846,-0.8049381008551033,0.4968694919930066
0.6558043001054152,0.2333174197604476,0.3142283917279696,-0.10464664598669084,0.708170369721318,-0.3332594593210002,-1.6405923613203799,0.23399206617715618,-0.9711928225878648,0.483567474912092,0.1945588135642907,0.21883908478509198,1.131744615489279,-0.5356272965202207,-1.0739632452623644,-0.5138513767515445,0.7620611576747756,1.041471017000483,0.8211539523157255,0.17840796639168846
-0.20685867342804523,-0.10750051466048093,0.11203610202641628,-0.028815915644100538,1.4704180990600249,0.3669331885354142,0.7384520473697027,-1.2782838627975597,0.7933321795179417,0.5923574882511673,-0.8765167102537788,-0.8965481886949445,-0.2542803630634632,0.31682566320110994,-0.7684172813767766,-1.0645396835312628,0.5422899163918687,0.43892499707538646,-0.576446405423238,1.833122528772101
0.5825403288081635,-0.2882208256960114,0.9178528211956388,1.1727923066349115,1.3081469311985823,0.3706768531194408,1.591800822588447,-0.34841365337974484,1.824836780206611,0.6712143749788779,-1.8907086040272096,2.1150255038736416,-1.1039407914609627,-1.2354932183849263,0.5438217337494193,0.33688859065972243,0.1790839746098458,-0.33219422591332065,-0.07144465187334902,-1.261393328118668
1.1790547240942564,0.7352259296479601,0.6042108704131628,-0.8308124792175633,-1.4277150518143886,0.8666596423062687,1.2677733135555362,0.9324892431307503,1.8018164698135644,-1.3404954634033608,-1.0473327840966915,-2.2343115231245148,0.19367109799451968,1.109169793990814,-0.1550362797646249,-0.43052782528015643,0.10997453461016661,0.4646689699509552,0.24959780956750666,0.5692264642987214
0.33459774599316705,-0.5711382144986527,-1.6658432531151228,0.011362147804017342,-0.8395083271661317,-1.0311575237661923,0.48119876671797274,-0.24688497672606446,1.0729006334253428,0.8323003025568051,-0.3830560972000638,-0.7645097662126555,0.7163106678600138,0.5417691146095741,-1.3479324174990879,0.5556590843324715,0.26581768779920206,0.13471792728521947,0.9913584894978633,1.2719493292226107
-0.6003894443462205,0.818781697165823,-0.36787109048447,0.05904312120370739,0.4019259771522702,-0.22351925098244493,-0.35496914842897204,0.3434095408307974,0.3597740868981985,-0.7592288328623649,0.9194017058749587,1.4484395733731665,-1.5729787907978283,0.03734066742174651,-0.568707925216512,0.9488034430350707,1.0018980908649497,0.5613242426061604,-0.8678757873429205,-0.10584966871242356
-0.6642724460683082,0.011889048272720812,0.5032734439152817,1.2655438961913423,-0.14243919801534036,-0.4024087820072643,0.5490857051399374,1.526607304882559,-0.23100269272737636,-0.09201080613482286,1.4018657778864163,-0.5250893947318314,0.6873095986238753,-1.1264240884418686,-0.39580595432840343,-0.4178420652786543,0.29542872086761335,0.40864006727259217,-0.45864074989483233,-1.0324757714443258
0.40137919384694076,-0.8360811201844863,-0.40973854892825484,-0.2332824507141473,0.45152660601339195,-0.552908949542104,1.533441947039612,0.799830194474005,0.8336173899424333,-0.5342604007444334,-0.841928456524015,-0.4861101894350223,0.4572937621325391,-0.5964158572528867,-1.3717652923960286,0.10736925118018259,-0.7504695333587313,0.5372659415031226,-1.5162063993767987,-0.36667978917410765
1.102827125666602,1.459195974964279,0.2783708038802427,0.9781696246233315,1.2057819069832765,0.8758043959426008,-0.8324471498252084,-0.3018476708000569,1.098774945597009,1.9008044970514153,1.9065814355808728,0.6712518238477422,0.4166929447868173,0.760297580859305,-0.47153911671194254,-1.3306744350525104,-1.5741149974138127,-0.5628909574165895,-1.78769929365422,0.38514857946931197
-0.04875415509741174,0.8474328623626677,0.8256236668539203,1.6357888366044275,-1.5652049505275103,-0.13846115221023228,-0.13711284603156842,0.5813317447771944,-0.06684334014918392,0.3808798529897942,0.24962783889215884,-0.42388342626024583,-0.9515974232265125,-0.31604563076730546,-0.11893991209773991,2.0051295440333496,0.0035411475885655857,-0.19370872766113778,-0.25762538386471345,1.403342415907612
0.005942436728021578,0.5287179154201593,-0.7339510524614904,-1.4077499344302105,-0.810159375427139,1.7211551592174994,-1.0635222334290184,0.35004257605308264,-1.3479825739995592,0.5816134187134053,1.2945778801463104,-0.8240235506082797,-0.5245719146821038,-0.8507864392446206,-1.078889132002419,-0.8909971483280127,-0.991725809160956,0.7435649359531018,1.1622931664966156,0.14800703869866044
1.5905820568036682,1.3817968980935842,-1.171776029724457,-1.3439766607112533,-0.27064310401889513,0.03299053165338267,-1.1142961333914885,-0.5033843552825547,0.19854204833698189,-0.6922527343087612,1.379178688879599,1.0754021443203192,-0.6717146471001849,0.7793627518297054,-0.43205231546829465,-0.6820659990637357,1.5369273505312575,-0.4278640351701124,-1.1951651854409748,-0.1665495140368631
-0.0483741313765161,0.03703600146512631,-0.7378152247053624,-0.2218827490124111,-0.15562345305530503,-0.20606019162295883,-1.4298458262810436,-1.29379151666002,-0.4865947198144824,-0.013372004597392797,-0.08182439292303935,-0.3221440092695542,0.8844308415154193,-0.0743986478441762,-0.11035795271551856,0.1619312413971786,0.7239062889580395,-0.05221715603843819,-1.0036686957580538,-0.9896718299433832
0.8546976022060999,0.2046947974143683,-0.1256250115417556,1.5656276162248994,0.2035846101122685,0.2863135944438779,-0.8977149750276495,1.8529866650292142,1.722734712703999,-0.551537873375243,1.1885903161014622,0.010255790430032254,1.1163934378915579,0.9338754134790487,0.6083145905945182,0.9675084024974,1.04111019488148,-0.4723806091821665,-2.4227529034931563,0.8896111995592998
1.0593153307768124,-0.1217037269563678,0.6955891555092758,0.15164152913480064,0.7753466343514666,-1.9314937852614409,-0.5599800489037848,-1.3026525247827938,1.2960492830084311,1.1453278820017425,1.5355487176845823,-0.3587445719266372,-1.481089584625605,-0.8034123887020491,0.6925882138401536,1.0923174590771216,1.5263493275727675,0.7058367619719615,0.23073374480835473,0.2865122768095688
-0.04109424982430843,-1.4429054623030397,1.4575792712989106,1.3848117772228212,-2.380419774036123,0.021269933064538338,0.09069821550873895,-0.4145485367499038,-0.2974864013493244,0.6169054834271674,-1.709496205198313,-0.8900358092440624,0.26171891660161195,2.6315548465257974,-1.1769039114948368,1.9090849577744062,0.9674288550826021,-2.261091002579487,-0.14879018591570914,-1.1781033863823585
0.9247615964904816,0.4873975976562433,-0.9662862795207533,0.6616277034529553,-0.5991392812980633,0.3016744825181361,0.880606606301329,-1.1525940662870087,-0.2722731915060822,0.34224663298720187,1.5531612103044736,1.27664524354612,0.4728833865721825,0.06736530862189948,-1.8845513829900284,0.40277412632666093,0.34295381828721777,-1.384969871142339,-0.4232760363661121,0.816482094427465
-3.014743753981726,0.19267211027246922,0.6507057054914334,-0.027115851882116664,0.18349833665902462,1.3775599024656315,-0.1250196584954033,-1.5563282909924043,1.310461616284172,-0.7395499453429927,-0.27144909127216404,-0.01801590901006756,0.24915615516227013,1.3363484288643854,-1.364697220150491,-0.5394190400101437,1.0404874747030513,0.5293684864851361,-0.11397236186012456,-0.6012704933064477
-0.8822497382517591,-0.5326261357673436,-0.23835696338046752,0.39333476215173063,-0.5952881856959763,-0.4669145574042016,-1.8728537666799512,0.3050437690360022,-0.6057008602056528,-0.16645841923332821,2.446360984423517,1.392654972593002,1.0212081245349458,-1.2643624819483936,0.528765248839569,0.04876719370022885,-1.6717659922481434,-0.3551818631202763,-0.22932441379673235,-0.07431136207117547
-0.7457216587430534,-0.2517544574167787,-0.9513398171332785,-1.5331151784594772,-0.5852736891398077,-0.5229912995576808,0.24095183465557468,0.7329028215305932,-1.391358205558394,-1.3999301874036594,-0.332502020897866,-1.7171589804605392,1.2766713188344636,-1.1138806070023337,0.3684324536234084,-0.3742020919448049,1.1843101550399193,-0.13610129247343666,0.443494061506588,-0.12535523173158927
0.4312467319508044,1.4042397506718407,-0.7642517864187284,-0.44862175751517963,-0.7409577731136138,-1.6270658357620023,0.44645836975756514,-1.316659988329555,0.9503991572129797,-0.13021210010252887,-0.5496660004660312,-1.4979245915151718,-0.40908488716719876,-0.20305371651148657,-0.5361543720212737,-0.07256090601461054,0.2440637736317501,-2.2350710454920844,0.7233152496911572,1.4556043676800685
0.26465459679075876,-0.4975446546858629,0.9398664150706459,0.8273487327067844,1.293217253823312,1.3702530110836921,-1.7267412510999833,0.7616953048735025,-0.4635091832639787,0.7281423378662581,0.916791856609121,-0.15987365380007254,0.2630690449170568,0.6738981851502233,-0.08283782195150402,-0.9471767163132299,1.9636781448180474,-0.07967094572702309,0.02776492356787219,-1.0864288640333994
-0.6238093638843142,0.604304099427978,-0.360946263335523,0.7868578927552252,0.3669119324198596,0.5529644617895976,0.388246728176621,0.3806048954290179,-0.2998393082939403,0.20463783322394447,0.20677385622773908,-0.34588152943024336,0.8483515071098292,0.3232242452592087,1.7714168729312647,-1.0109310625947305,0.22563286782256758,0.9192974284516399,0.8231180685876597,-0.3741188632774313
-1.5180187425409764,-1.4860355384174615,1.284756429334709,1.3355464120947391,-0.518347993218813,0.5476190458306204,-0.7740346062650827,-0.18180631155480073,-0.3172487809086228,1.2715452568547858,-0.7617606102009103,0.007686843950270105,1.1242535160366127,-0.14183470217697866,-1.0198837179869626,0.7079263184606752,-0.4923890797949343,-0.6207710743547438,-0.7993133446309824,0.19181084117436717
-0.8811931437011548,-0.3218646388596041,1.178928870651158,-0.6757159837001844,0.4986466914385912,-0.1564873686373719,0.040824552814377565,1.086483056344804,-0.2860651104164316,-0.4969568184874795,-0.7851395352451648,-1.2639927165088447,-0.635907328609944,9.479115538303993e-05,-3.176150942549712,-0.9989790269198484,0.8114232181016456,-0.9072262982717332,0.9526710280191384,-0.4181985581356759
1.0716495830304666,0.2584512154696874,-0.0456847241104727,1.5292545878546135,0.7864036665620976,0.5526178438186546,0.2775175352844817,2.015892435505935,-0.39076492425147374,-0.4658501556915181,0.9038468597992751,-1.2841161228052396,-0.10611991811906571,1.3001023468503852,-0.7558129280854828,0.34333018635406864,-0.8093916979594755,0.7433706717157146,1.219067313685063,-0.7612226554611953
-0.9685055455361856,0.4755288881931872,-0.8601333518218772,0.4818578221651959,-0.3311013954041445,0.6027261745130004,0.46242648968904493,0.35784746044952437,-1.2582156116157877,0.8417460165932537,-0.28789888644481076,-1.0656793667090536,-0.08329245327303067,0.5029435288517593,1.2705633937612593,-0.2052509482380978,0.11278640657002252,1.1576322785044324,-1.009356909427154,-1.256007731043824
1.3727332066234856,-0.895877971690612,0.3071353903268196,0.25059842918710235,-1.5596655103535817,0.49108047558130813,-0.5327921282512009,2.106317844191528,-1.1192020845061914,-0.6303429255870692,-1.565677336109007,-0.46689794314002653,0.7215692459779992,1.0127299609688285,0.9716447301275336,0.13606414760664082,-0.9844943859980275,0.21097756246884528,0.24075372700921535,-0.02999243240311886
1.1757894259603239,0.3301774116061329,-0.30246685943099466,0.2339486031166344,-0.17259803676336496,1.070746368191526,1.042059187611746,-0.03973390851582675,0.522554904097804,-2.003002204852171,-1.36017448882524,0.12583594632268197,0.8158906529618873,-0.09150377347057444,-1.431628307208512,1.1923113958073404,-0.25238562344113247,0.26212290398352733,0.21093241329898751,1.0930353406862217
-0.14442618655231973,-0.11421108766211868,0.5329242514057106,0.9308445970966839,0.21630520193958916,-1.094243750515871,0.8551113888458772,1.193041742964039,-0.9806945580868497,0.5701721093357389,-0.9703994156000147,0.5027100952286434,1.6379310179640147,-0.12919224256432543,-0.7212724615305385,-1.4246700181640377,1.941489067055944,-0.2907160862885549,-1.1382103242340549,1.354093459037586
2.012811722917157,0.6272156363784284,1.6957008161354443,-0.3069597717337143,-1.2890785646056706,-0.4680748348361436,0.4707606739568661,-0.2496741276865784,0.6426574909997219,0.7503563549481213,1.42743444828441,1.3341615283964154,-1.9638153368187365,0.0024265396779174155,-0.040316586504376126,-1.6425264654117127,1.0533385071904158,0.3602519987970948,-0.8479982770830503,-0.4912157684713261
-0.5192784294281413,-1.7874918056014222,0.6727614377431718,0.7607988485188565,-0.0483131542711406,-0.29619353901322515,-0.44686653553283423,1.2348506169075286,-0.21855665325461177,-0.49620433934783736,1.4891016882231212,0.7544436684488163,0.030908602800697967,-0.9052843867598552,-1.7308454305716605,-0.023923729029226577,0.5499510279242981,0.28119491886707443,-1.6015421195172852,-0.19245891956955136
-0.713166050163105,-1.9069246439005858,0.5628301374173393,-1.38665342756899,-0.8822413496211042,0.3670228300329587,0.3535172874456293,1.1729065718124974,-1.290643064937428,-1.139924692341547,0.7661594325243754,-1.1446127323156252,1.9272090933503652,2.4880462824058687,-1.2718453762238444,-1.229772183670856,0.4966577971247663,1.2979318587560789,-0.26675199916768594,-0.10224530014640928
0.04203873489334705,-1.8028419516586034,-0.4245545024216039,-0.20441961893340166,0.04948240837668875,2.111099150478286,1.7731920548939497,-0.9729098839054563,0.633437154200794,-0.3270561775877326,0.993971264207675,0.32034336290554466,-0.2080123469523292,0.5715751133204579,-0.7456744529254156,-1.342416817089327,-0.4777662048232944,-0.7725323233879199,0.8744383683808095,0.783901375227502
-0.01357341444025821,1.3557624595498812,-0.9493830585017368,-0.5097179212395936,-0.017919543155784604,0.1770324843712718,0.6613549367874746,0.32445733151555567,0.08633121490814462,0.7675408679808882,-0.2585797900637375,-1.918816675883719,0.9499859637947144,-0.2551928093459409,-0.3175747960520059,0.34491467636006196,1.5237002210505755,0.7093507490307922,-0.5707516148591766,-1.9491051666511379
-0.12294648599387197,-1.2574650327813,1.0602893573750778,-2.38816060738422,-0.19318123165783505,-0.6064425003061866,1.296174808659601,0.19786894087242698,-0.7433752423158951,0.7344598921863842,0.6220013993493336,0.6487994136121072,0.29256382941562314,-1.9939113565867561,0.07301691896824256,-0.9709013073730444,-0.41459776848434315,-0.9883024473107809,1.3695152640141937,1.3592790545947857
-0.5701023107896945,-0.21731324920328188,0.017006690430741593,0.17262888384267197,0.5376899159137247,-0.4982485206471166,0.4641327699616103,0.3157164204655112,-1.2449151838908503,0.8690981504619697,0.2650203436337057,0.5654659720571832,0.3708235912349597,-0.33911048425760226,-1.5693316052091533,-0.7743512608757673,1.1831590476675438,0.6222036277854481,0.06968452523265553,-0.23713545571194103
-0.3069479354666862,-0.2688446339218214,-0.03809206836778735,-0.43795512058469616,-0.5055375068408875,0.73537116891117,0.07784515149704958,1.580509396599812,-1.6821214722243323,0.5727326715545102,-1.4661937612936997,-0.2613158400931956,1.3145695213034063,-0.3943668289527519,0.28135211252136066,0.08385586884824635,0.37544972036583074,-1.5762519063546088,0.2483990447745996,-2.1116934489075345
0.6512100882523059,-0.4846269154402938,-0.2880821444394443,0.9304369873440157,-0.6796240546872369,0.3453817886327187,-1.171448807574992,-0.7452347587108831,-0.2773221423192948,1.2891709061348406,-0.19902943115253915,0.40800830631164986,1.4333478292710602,0.28908319390947046,-0.432175898384161,1.2435286899451785,1.465575139348937,0.5233426968708805,0.18225885084073856,-0.8862324086829897
-0.7589723016976238,-0.22327366324640732,0.4705961591987184,-0.9955375825973821,-0.37382709670621805,-0.2018962383435722,0.07029829849325933,-2.219446183715342,-1.6405331045423543,1.5504103594298215,-0.5662010099215794,0.201730412863056,-0.5616186849505184,-0.6366349162720302,-0.2977437462194764,0.2809920472523819,0.06345662877790684,-1.6821846704429322,0.9143617312076345,1.3419960573179357
1.2659656059143392,0.31210310131738567,-0.5834711123071873,0.38784303623576044,0.6132818392559728,-1.4370845616595638,-2.1396701926995405,0.08925667894810184,-0.6087881950727057,0.4119466497960769,-1.150807107984001,1.2439885224964093,1.8623198680943474,-0.01327765134674365,-0.16427052073608414,-1.2951565876245266,0.3157117765875999,0.9265395090156922,0.31728497606342637,0.927803743742805
0.6214435375385583,-0.3767492957029852,0.33844763714188103,-0.12945158678525234,0.7884203283878363,-0.3671350653092897,0.2798419354236796,1.562730799019714,-1.1988647118956224,1.9702007997025721,0.7494127954404262,-0.24551850701035777,-0.5259251065947859,0.8180273734695942,-0.014124990382383212,0.8102818932102,1.2011440633547588,-1.8004277579550203,-0.30722034599796477,0.2536018787051813
0.20757194098843373,-0.0513762014599456,0.11895231101072212,-1.4443186388276765,-0.5018452493402311,1.9985845776224547,0.7273155735586759,1.065301553126089,0.5444902843292123,-1.4508865534026192,1.6087798708697514,1.2543558462716233,0.630334012691888,-0.5117817689343571,0.7880514912131289,-0.9690903928351106,-0.01530442982469687,1.7641109487565816,0.6174946751162702,-0.13529197625442502
-0.302812696718703,0.022300884339823208,1.0136886087559405,-1.0104573533000536,-0.1307811183004552,-0.724856128877334,-0.5640296240311555,0.029142034354671685,1.9607297211386423,-0.31218609916846235,-0.24711919796070173,-0.6677260296276842,0.6682413049336485,0.8770758832369121,1.7180083388419447,0.5753746860971242,0.9613318060603422,0.9914693990713634,-0.18378446182811112,-0.026851409066758283
-0.46716341197952177,-0.470578026478602,0.12076921638766694,-0.19005185937594668,0.32232005979498174,-0.4659318697812791,1.6399619001090953,-0.10061643042097088,-0.0876343339711118,-0.9918066102753258,0.7818271522802177,-0.5290207202249118,0.2559705143279215,0.6959197239446937,-1.005027442786209,0.5518735517130414,0.06876978470090715,1.3301503687678584,-1.1382960549473835,-0.4321098223344953
0.11305161024239617,-0.8063541639238112,-0.11508525601062869,-2.033520598167297,-0.9399740659991637,0.44570210200127297,-0.3082470448335978,-0.43703119856238043,0.4208789843578702,0.16526799775732298,-0.6215768148798428,-1.404836066433941,-0.7879323621151663,-0.3284080777765283,0.25318625587846416,0.2793525725421681,-1.0481128128593253,-1.103334969830425,0.5363271864419491,1.5050878582279357
0.43854047050443346,-1.2460013745830352,0.8435200733077287,0.7957927401143893,2.0745004745653617,0.5432750471103664,-0.4246887902671848,0.0016817071798644382,0.6105070206684534,0.32971722808893555,0.2007254440461175,-1.890206817752572,0.8930952426285823,0.5762243122418758,0.5985670665022875,-1.5191404793336662,1.181364233744804,0.48659379141065945,0.5051386347534625,1.3385259448860984
0.8464664834418764,-0.12562101962490066,0.1600926881246504,0.9243144913913308,0.018023601136623137,0.7758515784851364,0.38500039034010775,1.0144465971716785,1.0324409959656058,0.1488088228709649,1.8178283648923985,0.17231451252876273,-1.2772880875148158,0.8829524391051052,-1.28374996136625,-0.41831255407794576,-0.18272294935041206,-1.09300771216007,0.40409240594144985,0.7582392966965895
-0.8830895599791297,-0.851966706457369,1.2941548664415086,-0.18553128082177475,0.7522498242257851,0.7842971237366151,1.0686727213521194,1.376202304905902,0.9139719129449791,-0.799435502239324,-0.6204143072803956,1.570955537254337,-0.5781987630508106,-0.3615794458029175,-0.9715029422982489,0.07160010980623309,0.03600531268155827,1.1224484981684628,-0.2958194329031103,-0.20289754930286497
-0.17574793686176787,-1.4803546498818414,0.7752184633256057,0.15979216842291388,-0.9787750866082865,0.2243511926234643,0.4648120033985177,-0.4326045857262237,-0.9780230201748354,0.9049912690994972,0.3714484380645489,-0.3180755842759015,-0.5603588628052938,-0.6442149091344882,-1.5863685170569455,0.5169507330700672,-1.5420833560610827,-1.1882666726332165,-0.9382543079015658,-0.896543273940499
1.0464849023644955,-0.44090016639042406,-1.259651064611794,1.0326374518701051,-2.0330819893679237,0.8082013476803542,0.9814038225896864,1.3413725792898232,-0.910128213985368,-1.0985870948834335,0.5546156013545219,1.0104325282071407,0.8259020009460375,-3.0510105223179136,0.7107881626994964,-0.3924399182722412,-0.5150495639218193,-1.5240268058021837,-1.0879981383373714,0.7447593878084467
-1.794340620693542,1.2867856024953113,1.0606794428666937,-0.764219055509119,0.5656056739505096,0.009569071214238452,-0.28235791416151523,-0.1496918275239118,0.7550338461777049,0.6775044641228658,-0.04665294424708705,0.3331921291720446,1.4436295568070694,-0.48445984658619246,1.7964148479342859,-1.4582690610462357,-1.4176226462265433,-0.45496129729169144,0.6981544083724356,1.043355250065099
-0.10801121245390806,-0.8617796787595797,-0.21230157817470838,-1.0402500407513238,-0.607583896510858,-0.7332650180070183,2.041358827709465,-0.7952015284235264,-0.880409975963085,-0.35907823362016406,1.1141253499519732,2.0567432411613895,-0.291826022991306,0.16120342761838247,0.33568827770049453,2.179454786046986,-0.8305985388977286,-0.17862856656959458,1.1054187554768438,0.6741821427806816
-0.153807176355343,-0.8745011726683288,-0.030311825890406686,-1.2740576548996678,-0.14215471727789766,0.7875472740603274,-1.0685817274776124,1.3941770036143961,-0.3142628966664916,0.43678334972391564,0.3858940722629489,1.51610416475628,0.7740387459853757,0.07992733305347038,0.9048428768439216,-1.8946823101796624,-1.079453211557173,-0.3148968205343166,0.17706057787413051,-1.5391419007256548
1.8511893020922943,-0.11303282214855682,1.8248995936439398,0.2554450876892724,-1.7477227530342334,0.11559498484181226,0.7812479742891081,0.18249018326148286,-0.24672319658190847,1.567890578766267,-0.9546630865510417,-1.0894228963570771,-1.0370397859068405,-0.1309810414077312,0.17229068572977765,-0.9364348658603325,-0.42898254860677326,-0.2359330196160045,1.610368771755709,-0.6527012737201624
-0.00439315891440599,-0.2370254179103017,-0.3179357711635081,-0.5028427333208861,0.1011561025128283,0.14447789841288783,-0.9849365787629136,-0.4803229544525929,-0.626681733537168,-0.691482663238833,-0.1363780263334179,0.6620064007832402,-0.308703917458107,-0.3949301368707088,0.49703655271919756,-0.061210904092241156,1.3597785428015472,0.15740431742504735,0.8549157206882612,-0.6227754768103682
0.23692901812098788,-0.5368623181870593,-0.16321653843398995,-1.6240393393833656,-0.10932891269607638,1.4267545557171042,-0.18790048949508395,-0.9247914226779502,-1.1338164144738525,1.6248768493166186,0.4618214312191615,1.2029792794452299,-0.3064364900572715,-0.06871940393578796,-1.0623861926243592,-0.846320822956463,-0.4912998893624275,-1.0945327689953026,1.0961391468463078,-1.1055208543648931
0.2893788086979777,-0.4865250635289753,-0.19325891391445324,-1.297918566113088,-0.751494382975738,0.8458576507659429,-0.21430033228882453,0.30446177517682466,0.7456725333311499,-0.3496090729253253,0.2226757929522667,-0.808305444113933,1.145314485724928,0.08048436453160887,0.3526670866311814,-0.8520219179445061,0.06438436450619538,-0.3253743684874916,0.5381943311117765,1.1696462546202269
-0.7083668541769064,-0.5893610372055214,0.22642098417370868,-0.7998160881007254,-1.2365987279094224,0.530654134197182,-0.0862209485706814,1.2601550364513214,-1.1136733835151142,0.378733032973064,-0.5143894056054795,0.7765554796532526,0.588494147338338,1.2509528187852994,1.0647757318485176,-0.028483064315379475,-0.20230592169096911,-1.2682719316716051,-1.2468064631011444,1.3443123975397344
-0.6445651474656833,0.928687940904093,-2.064897052990837,1.0133077008224267,1.4178511062649248,-0.5242696402708709,-0.3337664401960766,0.5823578549903037,1.3682465467793996,-0.4750824135556103,1.1472872484199388,-0.2689523503102074,0.2416181129129488,-0.889759853954973,-1.3320319724513605,0.25622920422805934,0.9874171663082266,-0.9365495692725871,0.44416265278818656,-0.08092319795468073
1.573141191041322,0.6374753400733156,0.0889844175796823,-0.0367206883468826,0.07839824562400281,-0.4585559329431065,-0.6911153323391452,-1.050581698170534,0.22689859971511422,1.4575265488007962,-0.2763330195354086,-0.9122046591092382,-0.20545460569231638,-1.827664639214958,-0.7274531745313678,0.3114470435221204,-0.35040263147554723,-0.6348439204808682,2.056834069227429,-0.14594921262986776
0.3911484440029603,-0.6430820503034732,-0.29779269771545896,0.9869798276642273,1.6409873756975177,0.8335574430105068,1.34142794441377,-0.060080167000078594,-0.48519366362483396,1.3704796000002737,-0.9009493832448515,-0.2411889017327268,0.6455289010362268,-0.8729851998396843,1.6221775075515985,0.458164662695537,0.6259938626332666,-0.8832076517138386,0.1383971799162318,0.05534770036498661
-0.36584035906021023,-0.36620410968653583,0.9583024955390055,-1.5502098749440727,0.3726174499473502,0.8344611295508787,-0.9488669765413387,-0.9544242230544532,-0.20809048210794623,-0.11723514536382529,-0.13336746210489947,-1.1071388802510558,0.020559304519651114,1.8050013743774902,-1.4219747003868173,-0.13606242469695456,0.5246326811461436,-1.102563328602323,-0.6921332713735023,0.24593203250033463
0.7260044870490281,0.8816414009936089,0.10915265524531935,-0.7035977822965765,1.5408159483614436,-0.7793251247794416,-0.18102885393497667,-0.18649165870471923,-0.13972264864354894,-1.2161170966626593,0.020560620978485822,1.3483332101875731,0.4845350757466197,0.7626492779239996,0.1649532263315093,0.310292122110363,0.2977343435475254,0.8113636401962383,1.3370100358788242,-1.2086434142591127
0.5224916164662745,0.12462266824946254,0.33519041962117974,0.05538333034417618,-0.06538071219281436,1.6101234315349784,0.16134432428879836,-1.3783142880895214,-0.6323103784255866,1.974828803943064,-0.16686372544771633,1.3362045544897174,2.047900619274918,0.19869377307322916,0.5629739468452777,2.6271185673138793,-1.9580931325218054,0.4756713121937826,-1.1804300950717828,0.7182953775464492
-0.20707973342985161,-0.4547490126509246,-0.0871718926834263,1.4001449367641234,-0.11553586655359288,-0.8697018686918891,-0.4428515973043687,0.8739351958312934,-0.15799798109837326,-0.6680009802286136,-0.42932037964176933,0.2617590297166263,0.42426366310980673,0.715760461238422,0.021171146965784694,-1.1817449949356043,-0.04120324667943741,-0.4535093621224446,-0.7966376260520792,1.353898684372664
1.3536878420690992,1.765612054506653,-0.13660549350221488,-0.4803846944155305,1.158168300745548,-1.117381176551334,0.5949353369230398,1.0189139162938545,1.5106120134297267,-0.6146523005975931,0.17649012827036906,1.5472112981897335,-0.08539435220860232,1.6563123801772455,-1.594404369736227,-0.822470286551334,-0.43218635532555316,0.6793017078449751,0.5248598730072281,-0.674625634073414
-0.31928225074202815,0.8192878242520935,-1.511946703220919,0.7080083776204752,0.0848469532728589,-0.4364912816424015,-0.8690636606325162,-1.3396081644106586,-1.367679776130234,0.0781685398778973,0.7872397140662045,0.039931063563883394,-0.2988839141859524,0.5039149515849616,0.20059917345684386,-0.5299183049728997,0.09222277490812186,0.10795299029091951,-0.06267252270801779,-0.8264055666463692
-1.1868141920266173,-1.210218264132063,-0.41004523272970833,-0.4047057582641307,0.3165743724155953,-0.13864876788718813,-0.5442384089133914,-0.172757008791685,1.5061677881305997,-0.1933522789679901,0.9271241953642027,0.3603054513848219,0.40078474162180794,0.040348577955963603,-0.2607957747527295,-1.3294587144280892,2.2901242373460096,-0.3139753041998745,-1.782667114873301,-1.0479404335167084
0.5934211640008847,0.5075421423010469,1.1378682516313297,-0.9001263147436097,-1.1417749950713114,0.05883437706781535,-0.3402342560854631,-1.7663809994619624,0.29667956143047597,1.6051846336161864,-2.2532466639344344,-0.7431633519582168,0.5236301082027414,0.40539793137303703,0.27692308210316857,0.1052128081398259,2.553102399426097,0.9408835985992021,0.36108663797837565,-1.201308720651904
-0.2790944058215186,-0.7945305492243621,-0.21200847118117175,-0.5567413770111533,-0.9624882062151955,-0.37984335497013694,0.2866889857948984,-1.2044373201084837,0.25859305067655464,-0.6900929913593462,0.5709512155925399,-0.5288547261865452,-0.3723827940996262,1.3159685525997107,0.10781123842262767,-0.486856212634575,-0.3663252327082288,1.0469400549846264,-0.08204580486497172,-1.2147232580915512
0.6771778624186366,-0.4576542604907971,-0.685610557032675,-0.5862907138375213,-1.430572219175429,0.7624512004870083,-1.014437716509156,-0.3601160808686379,0.4913755262287685,1.4413720591377914,0.7519657389354419,1.1326079384442942,-0.4329949513131877,0.11422844856110013,-0.9861661770990912,-0.033937082361988356,-1.3488517076837307,-0.17243597945883601,-0.17318225551572153,0.584307742284735
0.8171087896503153,0.9076184419416862,-1.0316408647120963,-0.6762668904773337,-0.7804081379219383,-0.7824869886213904,-0.3617506797002846,-1.65287401558601,0.3135088095583227,0.25661201095197117,0.5676879546862698,-0.0313091341125678,-0.3837815040854802,-0.17872145322746424,-0.12837383161566263,-0.04005577885204862,-0.46712996683076113,-0.3072730897827116,-0.4636358694530081,-0.14298028615203653
-1.6848656895836915,1.3972730524997963,0.37238730579599705,0.15966754984043943,-0.12820967454848403,-0.6096278426431329,-1.7599440518342453,-0.04352323351054291,-0.5868870381590465,-0.937136708133871,-0.11934757399430539,-1.1113048329352233,-0.21400849899757896,0.42408339771933906,0.0055309321481261916,1.71858412618338,-0.44821079625063825,1.6242798959533673,0.21948772078778997,0.648997057733583
-0.32681919283773225,-0.8369274524296397,0.7742035930460385,1.2553287903353159,-1.4399126018597093,-1.2493760295457863,-0.7433813658690988,1.2813795378075548,-0.5213073910415458,0.23717413552371708,-1.9819464991231281,-0.3030925062784123,-0.12785609000407214,-1.1810516761381982,0.061276279404273326,-0.14482676198198602,0.08300456530651087,0.8498458956478074,-0.28375213550033745,-1.9539309035894827
-0.37013602460357786,-0.0331946694095895,0.3856957694078708,-0.42599904689928186,-0.13247557778816998,-0.5087090675987092,-1.3280226480832205,0.3772338172371646,0.9470925326391875,-0.01982857717454023,-1.273880802755902,-0.07134362760901797,-0.29372350669764113,0.8666817353404864,-0.7282524698080756,-1.0871685941051914,2.78941620021588,1.3295419707155995,-0.5421306880699696,1.4494097920462867
-1.6805938381712648,0.33753841564219245,-0.5584977493150493,-0.5506806778846092,0.0924937418810968,-0.8960821387542192,0.26375356599014205,-1.005201590571446,1.8329247613439572,1.0365974408269907,1.4915952289811796,-0.014512792534035548,1.0484216112573583,-0.10902859527230585,-1.928891437349149,-0.4673547726640158,0.30803629409619393,1.263738762453967,0.31415287115543544,1.1010841563855231
1.088852875340437,-1.6449358362946183,-0.2693952012998605,-0.2824942193542377,1.5417321594557745,0.9060823136131229,-0.03723934480564377,-0.709122663115486,-0.7918887550678461,-1.7188640609220713,-1.570228575187003,-0.2643590436509884,1.259902058785724,0.5887254622755316,0.31119929649171735,1.1705276105428004,-0.38676694325485694,-0.5123202721046144,-0.6224428908639857,0.2409358912361728
0.21265464923334712,-1.7319164566607848,0.48746916079343156,-0.031723273936305266,-0.6487254144174643,-0.3257585215591912,0.9411275699588002,-1.021174352401508,-0.7169747011876986,0.8251085622754162,-0.9247094000715476,-0.06804092024467034,0.24143622327494652,-1.0308563646840083,-0.46871446850504445,0.635583768900922,0.4131370177616369,0.10843648031614388,-1.5704516647447377,1.331782981605668
-1.5139242319255712,0.674752152799396,-0.18648777208083192,0.8007238182424089,-0.7768461271926409,2.338368537739721,-0.41570748301976934,-1.2118861002116625,1.4967600367363971,-1.382065067519017,2.4059722006776774,0.1680007275347217,-1.4959629620714416,-1.9250229011316222,0.5332558637988943,0.5036592553613428,1.932478975724758,-2.16431195780628,-0.34932309316097043,-1.0160341161954853
-0.31832848909618233,-0.1697437597743981,-0.6702363066776607,-0.03572732356702187,0.7179491191336425,0.6865505274227734,1.2575803416837512,1.0663195547393312,0.8829898112960602,-0.5222530927272608,-0.24305126434922125,0.6696226950338967,0.009799899060974641,1.6905682132564124,-1.4035547849235794,1.4753431621411839,1.1025295626596467,-0.17109455290435818,-1.249600652582448,1.018966799978415
-0.6812849292665046,-1.1844523275627583,0.327313256392293,-0.6484612963898103,0.6796811330823651,-0.08751470143033191,-1.4959204818920913,0.11170961338772989,-0.6146022914765049,-0.4183052743349398,0.40636926394829737,-1.0194170330925645,0.6429460993799537,0.3102050122924477,0.2699323935381766,1.0910621001181224,1.4957713362571956,-0.6883502847538637,0.1174989398129458,0.3802993099459307
-1.6274836728897344,0.11744837311575228,0.30603321938022865,0.4159521604157506,0.8243544170368604,-0.18031209262008902,-0.7688665578642344,-0.3943186022140676,-0.3693995129826011,1.2030777903769312,-1.0268723680849492,0.8941149787997323,1.437951766287339,-1.3429495936505615,0.595351579559552,-0.15047485630274018,-1.2886962817230536,0.01752098680901605,0.35971258577098564,-0.2293992014278566
1.8737767124887346,-0.04765579105611789,-0.5334159150359438,-1.2207484024753454,1.4628460861326646,0.7470125549998505,0.45271235476348803,-0.3324474579545243,1.1925792123858299,0.3501477784917396,-1.5614855665633525,-0.8501453726584465,0.24933746066698076,-1.1219426252350388,1.8426053345796662,-1.0921416321736728,-0.8347126950348952,1.5432020511955615,-0.03260333243619891,0.12474402723154958
0.058360277735914644,1.1118963121491992,1.69458025950234,-0.9863070188132037,0.5615851148784131,0.7999085952840281,-0.003924119930002454,-2.062914049902571,-0.440313480429133,0.141848268844336,-1.4682230666575902,-1.865161800433975,-1.229358819590344,0.45785703641820824,0.24726857146007408,-0.8839015753530174,-0.9481457330821643,-1.0549773171723984,-0.79855715530499,0.29741489779831687
-0.07347998182655519,-1.0372657805291667,0.9883069303274795,0.41987973271913825,0.24872229069893514,-0.11922148569334053,0.5062271503880175,0.01583193320920549,0.9008435527596356,-1.346491649841227,-1.2138906423914146,1.0527799346369742,0.2751900553810693,-0.3141701920240861,-0.4098187785392463,1.536507499014583,0.7691065082155347,0.7358159991581723,1.2324145948691794,0.11039422646644419
0.3736149037654292,-1.1621624508537318,-0.5487789728487452,0.1485578087500363,-0.8298546057825816,-1.1298284178211642,-1.3644622375499968,0.15651764812728822,-0.9332630064842551,-0.38393920916317886,0.3258195808571373,0.07806405208957924,-0.652289744722552,1.3054480268782476,0.7919925817450617,-1.1270207205713973,-0.4530245043258762,0.7076865115195448,-0.10016904873236061,-0.2487792706809316
1.2071908624796144,-0.21225532668711602,-0.13757120862029532,-1.6141451416195582,-0.6453661074980008,0.23461105454052827,-0.36968912540291915,0.9115701709154355,-3.1472862606980865,-1.7466143252696955,-0.4353637948915095,1.5324167590548188,-0.7713937414360466,0.04640429092026721,-1.7418409671303363,-0.5602750333018621,-0.011489003933625855,0.9111377893691762,0.6373767511180107,0.4613730890132868
0.42702881067031495,0.8528673133467192,-0.09076120609140349,1.2092150955854013,-0.4982273078459169,1.1280180262535835,0.666314432932125,0.8425497574688982,0.8090555461720557,-0.8100962549020719,0.005398926081949033,-0.523690971174629,-0.5360622023807943,1.2591066163124436,-0.23628844560963227,1.3957801479960674,-0.3069238415815763,-2.470509093184015,-1.4679997660749473,0.9695038915470438
-1.4789280603432904,0.08000641124015226,-2.420305758893332,-1.1538604526045033,0.9867489098690772,0.837316081372792,0.3740380459213331,-1.1338820494494843,-0.1312989959423099,1.5761649564195888,-0.6960628762654409,0.4129054897926193,1.0817756357508592,2.0310286488423817,2.190469548208075,-0.3670950003549977,-1.37866101244038,-0.311728359449455,0.771653032844406,1.3247727286904063
0.2757879168870136,-1.1394254664490888,-1.8757406483527435,-1.7535856047617302,0.31937058197961243,-1.518893499036767,-1.74400258185422,-0.24773719206374908,-0.227479618138638,0.13401845696770387,0.29376381807058344,-1.574144433797895,-0.40564710594892117,0.021242785296973786,-0.0827042086200589,-0.9640824021871992,0.7717434283524713,1.2835671985388273,-0.06072206799750069,1.341212679689757
-0.33951248442991666,0.41489097863108404,-0.7039836599441124,-1.5174770004976375,-1.4033035517806023,-0.722776143339494,0.01941684458016253,0.4068891983528821,0.1556986973273639,1.0742025034780585,-0.5180026707626165,0.558929916508394,0.41216893894479445,-1.3368894026874645,0.4735583591635602,-0.3716616690514921,-0.07481074868546982,0.8438609783070159,0.16974073299555267,0.20679272762845632
1.1639850944764376,0.6335174423744439,0.5139211300539434,0.5264641554826383,-0.34001825718450135,-0.7211960924398957,0.9024321559524138,-0.021599183336349654,-0.3224899127700824,-1.7046817929510365,-0.13355353636411374,0.2041448149738368,-0.5605522702083028,0.3742957584134527,-0.004293606520681592,1.7372249605070178,0.22758792808065761,0.8787914843686208,-0.0948095836045419,0.301100499377651
-1.3570841220351402,0.8345692798146843,0.7679191795514451,-0.6587286405569227,1.9559477069776592,0.8768651701191595,0.36895808048365525,-1.2798463493747272,0.38091773116694194,-0.6383329885604978,1.0489757049206618,-0.25729478586547877,-0.034470492379361624,-0.5471385097460587,-0.20921359808551976,0.7735488362262973,0.2639701245850915,-0.06619427323022621,0.20165236742956463,1.2843855630114942
1.111874739677641,0.67408289589715,-1.438572257755014,-0.7485216874312993,-0.5521932371946113,0.09366738216505413,-0.654229758596074,-0.6582415207918899,-0.8518338718524027,0.87266832938458,0.2624467964524817,1.6605540143430937,-0.5637477806894532,-0.14742987702045135,-0.8278909079854834,0.2184359389372864,2.2201309556752125,-0.7796627980942847,-0.14839123273028335,0.3978402274197188
-0.6094537868137976,0.4702952397628803,-0.2805907676365779,0.6221281193643187,0.3767510964681227,-0.16733054958173257,-0.7528216102097866,-0.9466580409585544,-0.07365216527277942,0.8216160560597122,0.6854031261584168,-0.7673111080687323,0.5946324573694135,-0.6090921610435913,0.854960073233841,0.3541064231911161,0.12163893770175338,-0.3616828775429462,-0.046290616162416025,0.7879583574838587
1.0402586058102905,-2.4986136631340408,1.3304736991391901,-0.47593968602021874,-0.40250289206581347,-0.07879670770449541,0.18374231263486485,-0.28584093044623704,0.3038665697748938,-1.315129792531553,-1.0344834905952793,0.5797970989663959,-1.6162663709024483,0.20494043737697745,1.239026034245615,-0.07959739784057042,-1.4246919807594887,-0.8623860504648,-0.7711468589873385,-1.0171700649133277
-0.5249029664503733,-0.802502352863946,-1.628177300747092,0.05543901465748318,0.2684922738610606,0.2768705815675501,0.7877509597603113,0.19852535698883572,1.3152339760291265,1.109787259478983,-1.1735363065606055,-1.0675112915051284,0.42161745499912257,1.2380440074050387,0.8680462157975808,0.7613338349695816,-0.07784220577438185,0.4572384341996343,-1.4105662059651172,-0.27787274375046456
0.37244609489219516,-0.27720409468453905,-0.8445165943486732,0.1135871690081204,0.7090546568588879,0.9797116034108421,0.37448812661896796,1.3339897353355266,0.36577727326613513,1.2682399869174328,0.3220991767032998,0.3456252442613913,0.2430220654895137,0.6704046726368883,-1.0403028521713438,0.9777695913935776,0.3914780684960102,1.405242848615927,0.5014360814310672,1.3440158864405962
0.7926254484584208,2.238580257771445,-1.0320367317482853,1.1581188212085343,0.5162334502137054,-0.3985964442695895,0.17605884168391053,1.0217271403891786,-0.8940095573102667,1.0582800294294843,-0.7504317255797698,-0.7304096113395893,-0.23011222797237996,-0.4008739343875851,-0.18805466417247949,-0.2870568093679885,-0.08761209087120266,-0.2468499506998836,-1.3368281006435576,1.5178798071974615
-2.4869983308217907,-0.1716145465525431,0.12880331512946092,-0.09178432566551073,0.2760111037085839,-0.22083581982495518,0.4609094613948287,0.011665633502723066,0.30169763184376225,-0.6857784651768424,0.7316419003075872,-0.44862245697683883,0.30085805518866826,-0.2091412994691419,-1.0925637167629807,-0.40791318100904556,-0.7416919203181815,0.26338800570251064,-1.200366124486174,-0.8144419718262771
-0.4240797957836293,0.022375816271399434,0.3194463411210485,0.050565350840895425,0.6124910906293375,-0.370801966465651,-0.6231811703799336,-0.9474575310793784,-0.2752398429965844,-0.0828054645316483,-1.252506364059011,2.553251482846291,0.9616525284579007,-0.3512708042167576,0.40612357293228046,-0.1365876053142383,0.17507929238038467,0.10195810892465812,0.0587941742263891,1.9408795570411161
0.8776556620472318,-0.856327173298669,-0.768030468296768,0.4702389431988122,0.662037377640941,0.35773888337017706,-0.14394887888147473,-0.19563190194454277,0.4477571557707408,1.8612112868028563,-0.5729018536081354,2.078657039015958,-0.08289274128561491,0.08471333403619338,-0.6498005054085232,0.053024070584006086,0.8349528857206318,-0.2280637411043573,-0.3427460297581521,-1.4155387420734933
0.9576443401114227,0.2851437153434138,-0.3705677520861602,1.9445375141565615,-0.2928577027954591,-1.2493396254833082,1.4435521695839078,0.8304417157189707,-0.6035361196277762,-0.30370647121708577,1.9333477165958446,1.1245910126470882,-0.2415766677960115,0.3694353030112747,-0.5248059770660467,0.6242437940350949,-0.5338799265939146,-0.24594381921600636,-0.15236991220260399,-1.289496045474236
-0.8606906348827983,1.0680892650827378,-1.162812472499701,0.6952938837706591,0.6168471953411353,-1.268389288982212,0.7081290305710332,-0.23261489987092146,1.1313292916520385,0.17739897241173308,-0.6920297888769747,-1.1444106816588266,1.7623906730339138,-0.4174828859775141,0.48616018432160246,0.8164484103785242,-0.7306326843270767,-0.530062387502935,-0.35335257708686824,-0.7580572992723195
0.5915428022774912,1.3673700047814452,0.318713501024019,-1.1333093699224888,0.38775050396582467,-0.7134855145923548,-2.3386034401643165,1.2495501888308838,0.619672899707647,-1.5726219317043861,0.528550519983829,-0.40135502633939046,-0.25369701276144146,-0.67895617355118,-1.38127367738554,-0.18121087422912718,2.293982965500093,-1.2145390471606778,0.3248345246624132,1.2430890561760903
-0.4547114368571144,-0.19122322141024473,0.052874425438023974,0.7977116321143748,-0.4744373734319053,0.0494830846070143,0.821960208550054,0.06674171353358266,-1.2922978005135066,0.03915901790641107,1.2912399908714716,-0.3898974555083919,1.3349617774442875,-0.5151617166410822,-0.3660687631281168,-0.19735206126299365,1.0348582558637003,-0.19201805919296783,0.14077331500640783,-0.2574396753950598
0.6150593012162611,0.6791766924595797,-0.03621386234606949,-1.1435875538393676,-0.14449911831145573,0.6205030782653527,1.5265759926454154,-0.19822490012271649,0.8271870231291734,-0.19582272450480046,-1.934315717159151,1.069274890038504,-0.5555612286658193,0.42405191836714856,-0.456195858416679,-0.7108754660076607,-0.08233339785459008,-0.1234866225799048,-0.32398162046236756,0.6982882834859641
-0.346416056863887,-1.5965058548085005,1.4642335536825493,-0.7177399209845671,1.1447975128247652,0.5321032800549857,0.5649260815972652,0.3689914323490363,0.5920587921577307,-1.4318010982847846,-0.9596664209242253,0.04962476629184847,-1.5973167111185453,-0.28659571359904984,1.159704119074763,0.32529898611685887,-0.013091788927134852,-0.9180425771891457,-0.8330529225421606,-1.1102689111707498
0.002058247489531964,-0.16698821835971153,-1.1614301784940584,2.184901654362556,0.11048578582883903,-0.971016696776286,-0.07294454618255493,-1.155234153822553,-0.10249472273478032,-0.6644552892892687,1.3283108940866613,0.5926892587488114,-0.3186505135410095,1.0722606478845524,-0.21799680332866786,0.26379284038425055,-0.031754698480110755,0.882015498995526,0.02717715369200276,-0.8475279679890947
1.1385185164003504,0.5065845827891361,-1.614821347016738,0.3852775884851572,-1.0997455093093669,0.021491841026217536,-1.476340148832744,-1.0102381533733933,0.5091043683612219,0.9063474729724516,0.9990880351558574,0.9372507821807133,-0.9008380969336948,0.11060234229108716,-0.01296413957013915,0.7742371810839329,-0.574962144375155,-1.1027124009656324,-0.27307037318471505,0.07367087837161172
0.2528609117861323,-1.9334526879489666,0.1434638899115604,-0.6895151069293262,-0.0843048492097783,0.6956017055810615,0.739275706104779,3.125659530700304,-0.9542772010772695,-0.035154481114268644,0.8699999195150385,1.1350381716906248,-0.25621102727023204,-1.6061625295142619,-0.3627074249729558,0.2945312511008644,2.0613131675754413,-1.0182128803690826,-0.8093387868676499,-1.0783527151032093
1.2313979908754757,-0.008612247210063144,0.05407158376654836,-0.12084335715852562,0.6931953974714828,0.5374720760885244,-0.5492960853296076,-0.18981204085993245,0.9219771747932348,-1.4433452787179541,-0.3141179306980433,0.259536142314498,-1.2421937250546744,1.0480533886376526,0.3191425066695023,1.8209800219241778,1.7419942086931173,-0.3662259595332386,0.8040078628520752,0.4083914634480767
-0.26651699421113073,-0.0953871687045981,-0.9024597050075193,-1.0349272098256852,0.21858348084474438,-0.8879610529624801,-0.7364359078555721,0.8660300477259555,-1.3263982068733802,-0.9151036109146955,-0.7540805030929328,-0.2657687641929395,0.0533142841963833,-1.9394840050908633,-0.6769586384139816,-1.5191409776418066,-0.043156466370873024,0.5062190334920526,0.5642885122617511,0.21286903452542377
1.0202322644697277,2.093993093399899,0.050899904668069644,-0.33851589510308433,1.8029302091828638,0.6232465205835103,0.6754282169201847,-0.16545878653867874,0.38257717989322737,0.9884803412042455,-0.02804863593239906,-0.8615803510808737,0.16805950110248347,0.11973749300268123,-1.5205185512907566,1.936770130716043,-0.40598070565001965,-0.7098174027456114,-1.3402619687477924,0.5544335350978327
1.5891778932851457,-0.33035784936510104,-0.7694885474449635,0.22359753146397676,-0.4594874883921429,0.36724850315868096,-0.28489537582176166,0.048088887800814516,1.1984019532343109,-1.2505518296193747,0.7492966421851243,1.1174169343531628,-0.33334151240831494,-0.13098920453326934,-0.9048202760162508,-0.05495864964647747,1.7860111441339677,0.6692754779426476,-1.285218013316197,0.45051357586622276
-0.5044856297797231,0.24140026915357696,0.7627060688597278,0.4819984195536998,0.6000307399728791,-0.7883439719447619,-0.14177833738686046,-0.8067049440036168,1.0680236568161294,-2.6003359817611296,1.6342410442056798,-0.24821710574911968,-1.0928175192627447,0.27825291291319004,-0.7456513527241069,-0.34331594773846597,-1.6969836253183597,0.7324959317045368,-2.181765721322742,-0.5004171069662536
-0.46268569697441964,1.1903169354893681,-0.7939915212728791,-0.36094221366669704,-0.5937637502227717,0.6834136566319406,-0.7364751082433555,0.03550933536291651,-1.2870818194972948,-0.5021587415500333,2.1272458964864738,-0.5822235146406568,0.2557688329394835,0.9209646275459051,-0.8020800671070063,-1.3930619940335303,-0.08683979885225311,3.809801884917223,2.5654107488105167,-0.07698756587515317
0.8788107453478398,-0.19054004652482623,0.9727861023178197,0.7788319157886893,-1.8148751718638396,0.7953015633602032,1.5126363454620273,-0.024786368707106758,-1.2457750669395515,0.08266566885197113,1.280834085588593,-1.1344520952079158,0.11971113523763428,0.43343028364547964,0.05601985251757456,-0.09941444493687579,0.4224872042715791,-0.3927605335058904,0.5427414440451364,0.8654649873278036
-0.26892891143409947,0.546167893980861,0.9925142795043577,-1.4525633374879585,0.025898140492372358,1.9108935959267055,-0.7682578502672066,-1.0344355069049207,1.3133269044733626,-1.1752108778865593,-0.08668762591163265,1.1394328545087027,-0.6351251110399729,-0.1405993219562154,-1.2224603348893288,-1.0440283498068006,-0.31046054879116514,0.5289671599199766,-0.6182080138987962,0.012222202297143474
-1.0217613591493524,-0.2970819871249336,-0.49596130769939994,-1.41387529587626,-0.047769891308301574,1.3335563681330964,-0.6661617174593165,1.035377905694654,-2.00678947167368,-2.373056433772916,-0.8407559609192289,-0.5834325185323085,1.2933122796911456,-1.034770034055853,0.6866842349096722,-0.6824288486072092,0.4409939563790791,1.0644950420309691,1.307785706008965,-0.005662712136668781
0.19664288899115212,-0.3813866405925742,1.458346271195746,0.8914475521057855,0.9638758559675823,0.9556774472262503,-0.17670433846027617,-1.339385073515499,-0.8365276122306397,-1.171032305233983,-1.2813447622430343,0.3337708188841878,-0.6798174734556427,-2.4761750142959613,-0.2871433873687427,0.0758568767348613,0.0627283404773246,1.0343606020797074,-2.0577463202257116,1.7615564696665855
